sim,n_control,n_cfs,sensitivity,specificity,misrate,p,p_min,p_max,overall_or,or_t,theta0,theta1_true,theta1,snp
10000,201,305,1,1,0,0.4772,0.467408699317506,0.486991300682495,1.78038346555093,1.62895622895623,0.082089552238806,0.13735193402984,0.13735193402984,PTPN22
10000,201,305,1,1,0.01,0.4749,0.465110861466815,0.484689138533185,1.77312831309757,1.62895622895623,0.082089552238806,0.13735193402984,0.136868825648446,PTPN22
10000,201,305,1,1,0.02,0.4718,0.462014105095643,0.481585894904357,1.76588127775165,1.62895622895623,0.082089552238806,0.13735193402984,0.136385717267052,PTPN22
10000,201,305,1,1,0.03,0.47,0.46021616219542,0.47978383780458,1.75864234589858,1.62895622895623,0.082089552238806,0.13735193402984,0.135902608885657,PTPN22
10000,201,305,1,1,0.04,0.4623,0.452526404844763,0.472073595155237,1.7514115039542,1.62895622895623,0.082089552238806,0.13735193402984,0.135419500504263,PTPN22
10000,201,305,1,1,0.05,0.4547,0.444938813590524,0.464461186409476,1.74418873836472,1.62895622895623,0.082089552238806,0.13735193402984,0.134936392122869,PTPN22
10000,201,305,1,1,0.06,0.4377,0.427974886117183,0.447425113882817,1.73697403560656,1.62895622895623,0.082089552238806,0.13735193402984,0.134453283741475,PTPN22
10000,201,305,1,1,0.07,0.4455,0.43575690336444,0.45524309663556,1.72976738218637,1.62895622895623,0.082089552238806,0.13735193402984,0.13397017536008,PTPN22
10000,201,305,1,1,0.08,0.434,0.424284269469371,0.443715730530629,1.72256876464086,1.62895622895623,0.082089552238806,0.13735193402984,0.133487066978686,PTPN22
10000,201,305,1,1,0.09,0.4324,0.422688497715474,0.442111502284526,1.71537816953675,1.62895622895623,0.082089552238806,0.13735193402984,0.133003958597292,PTPN22
10000,201,305,1,1,0.1,0.4212,0.411520992572861,0.430879007427139,1.7081955834707,1.62895622895623,0.082089552238806,0.13735193402984,0.132520850215897,PTPN22
10000,201,305,1,1,0.11,0.4171,0.407434162196941,0.42676583780306,1.7010209930692,1.62895622895623,0.082089552238806,0.13735193402984,0.132037741834503,PTPN22
10000,201,305,1,1,0.12,0.423,0.413315427138576,0.432684572861424,1.6938543849885,1.62895622895623,0.082089552238806,0.13735193402984,0.131554633453109,PTPN22
10000,201,305,1,1,0.13,0.4014,0.391790972839171,0.411009027160829,1.68669574591452,1.62895622895623,0.082089552238806,0.13735193402984,0.131071525071715,PTPN22
10000,201,305,1,1,0.14,0.3988,0.389201365795507,0.408398634204493,1.67954506256279,1.62895622895623,0.082089552238806,0.13735193402984,0.13058841669032,PTPN22
10000,201,305,1,1,0.15,0.3931,0.383525139146988,0.402674860853012,1.67240232167833,1.62895622895623,0.082089552238806,0.13735193402984,0.130105308308926,PTPN22
10000,201,305,1,1,0.16,0.3823,0.372773939611377,0.391826060388623,1.6652675100356,1.62895622895623,0.082089552238806,0.13735193402984,0.129622199927532,PTPN22
10000,201,305,1,1,0.17,0.3879,0.37834801877439,0.397451981225611,1.65814061443841,1.62895622895623,0.082089552238806,0.13735193402984,0.129139091546137,PTPN22
10000,201,305,1,1,0.18,0.3739,0.364415335677847,0.383384664322153,1.65102162171983,1.62895622895623,0.082089552238806,0.13735193402984,0.128655983164743,PTPN22
10000,201,305,1,1,0.19,0.3664,0.356954875271336,0.375845124728664,1.64391051874212,1.62895622895623,0.082089552238806,0.13735193402984,0.128172874783349,PTPN22
10000,201,305,1,1,0.2,0.3599,0.350491135426567,0.369308864573433,1.63680729239663,1.62895622895623,0.082089552238806,0.13735193402984,0.127689766401954,PTPN22
10000,201,305,1,1,0.21,0.3675,0.358048922656308,0.376951077343692,1.62971192960376,1.62895622895623,0.082089552238806,0.13735193402984,0.12720665802056,PTPN22
10000,201,305,1,1,0.22,0.3431,0.333793585953237,0.352406414046763,1.62262441731283,1.62895622895623,0.082089552238806,0.13735193402984,0.126723549639166,PTPN22
10000,201,305,1,1,0.23,0.3509,0.341544438256621,0.360255561743379,1.61554474250203,1.62895622895623,0.082089552238806,0.13735193402984,0.126240441257772,PTPN22
10000,201,305,1,1,0.24,0.3398,0.330515215506735,0.349084784493265,1.60847289217834,1.62895622895623,0.082089552238806,0.13735193402984,0.125757332876377,PTPN22
10000,201,305,1,1,0.25,0.331,0.321775359788003,0.340224640211997,1.60140885337743,1.62895622895623,0.082089552238806,0.13735193402984,0.125274224494983,PTPN22
10000,201,305,1,1,0.26,0.3296,0.320385262140135,0.338814737859865,1.59435261316361,1.62895622895623,0.082089552238806,0.13735193402984,0.124791116113589,PTPN22
10000,201,305,1,1,0.27,0.3263,0.317108969840504,0.335491030159496,1.58730415862974,1.62895622895623,0.082089552238806,0.13735193402984,0.124308007732194,PTPN22
10000,201,305,1,1,0.28,0.3196,0.310458700914942,0.328741299085058,1.58026347689711,1.62895622895623,0.082089552238806,0.13735193402984,0.1238248993508,PTPN22
10000,201,305,1,1,0.29,0.3096,0.30053697353896,0.31866302646104,1.57323055511545,1.62895622895623,0.082089552238806,0.13735193402984,0.123341790969406,PTPN22
10000,201,305,1,1,0.3,0.3128,0.303711392922267,0.321888607077733,1.56620538046277,1.62895622895623,0.082089552238806,0.13735193402984,0.122858682588012,PTPN22
10000,201,305,1,1,0.31,0.3026,0.293594707700396,0.311605292299604,1.55918794014531,1.62895622895623,0.082089552238806,0.13735193402984,0.122375574206617,PTPN22
10000,201,305,1,1,0.32,0.2955,0.286555797526267,0.304444202473733,1.55217822139748,1.62895622895623,0.082089552238806,0.13735193402984,0.121892465825223,PTPN22
10000,201,305,1,1,0.33,0.2943,0.285366378045852,0.303233621954148,1.54517621148175,1.62895622895623,0.082089552238806,0.13735193402984,0.121409357443829,PTPN22
10000,201,305,1,1,0.34,0.2812,0.272386790923996,0.290013209076004,1.53818189768862,1.62895622895623,0.082089552238806,0.13735193402984,0.120926249062434,PTPN22
10000,201,305,1,1,0.35,0.2767,0.267930270603438,0.285469729396562,1.53119526733649,1.62895622895623,0.082089552238806,0.13735193402984,0.12044314068104,PTPN22
10000,201,305,1,1,0.36,0.2778,0.269019540513557,0.286580459486444,1.5242163077716,1.62895622895623,0.082089552238806,0.13735193402984,0.119960032299646,PTPN22
10000,201,305,1,1,0.37,0.2668,0.25812985179189,0.27547014820811,1.51724500636799,1.62895622895623,0.082089552238806,0.13735193402984,0.119476923918251,PTPN22
10000,201,305,1,1,0.38,0.2703,0.261594021774543,0.279005978225457,1.51028135052736,1.62895622895623,0.082089552238806,0.13735193402984,0.118993815536857,PTPN22
10000,201,305,1,1,0.39,0.2621,0.253479059528033,0.270720940471967,1.50332532767905,1.62895622895623,0.082089552238806,0.13735193402984,0.118510707155463,PTPN22
10000,201,305,1,1,0.4,0.2458,0.237359725253491,0.254240274746509,1.49637692527994,1.62895622895623,0.082089552238806,0.13735193402984,0.118027598774069,PTPN22
10000,201,305,1,1,0.41,0.2477,0.239237846191287,0.256162153808713,1.48943613081437,1.62895622895623,0.082089552238806,0.13735193402984,0.117544490392674,PTPN22
10000,201,305,1,1,0.42,0.2343,0.225996946266627,0.242603053733373,1.48250293179408,1.62895622895623,0.082089552238806,0.13735193402984,0.11706138201128,PTPN22
10000,201,305,1,1,0.43,0.2334,0.225108039703413,0.241691960296587,1.47557731575814,1.62895622895623,0.082089552238806,0.13735193402984,0.116578273629886,PTPN22
10000,201,305,1,1,0.44,0.2328,0.224515464453704,0.241084535546296,1.46865927027282,1.62895622895623,0.082089552238806,0.13735193402984,0.116095165248491,PTPN22
10000,201,305,1,1,0.45,0.2295,0.22125672008932,0.23774327991068,1.4617487829316,1.62895622895623,0.082089552238806,0.13735193402984,0.115612056867097,PTPN22
10000,201,305,1,1,0.46,0.2252,0.217011556066507,0.233388443933493,1.45484584135504,1.62895622895623,0.082089552238806,0.13735193402984,0.115128948485703,PTPN22
10000,201,305,1,1,0.47,0.2178,0.209708850528817,0.225891149471183,1.44795043319073,1.62895622895623,0.082089552238806,0.13735193402984,0.114645840104309,PTPN22
10000,201,305,1,1,0.48,0.2113,0.203297456389018,0.219302543610982,1.44106254611317,1.62895622895623,0.082089552238806,0.13735193402984,0.114162731722914,PTPN22
10000,201,305,1,1,0.49,0.2105,0.202508570032514,0.218491429967486,1.43418216782378,1.62895622895623,0.082089552238806,0.13735193402984,0.11367962334152,PTPN22
10000,201,305,1,1,0.5,0.2066,0.198663415631727,0.214536584368273,1.42730928605076,1.62895622895623,0.082089552238806,0.13735193402984,0.113196514960126,PTPN22
10000,201,305,1,1,0.51,0.194,0.186248410486987,0.201751589513013,1.42044388854902,1.62895622895623,0.082089552238806,0.13735193402984,0.112713406578731,PTPN22
10000,201,305,1,1,0.52,0.2029,0.195016486626094,0.210783513373906,1.41358596310016,1.62895622895623,0.082089552238806,0.13735193402984,0.112230298197337,PTPN22
10000,201,305,1,1,0.53,0.1867,0.179061291702595,0.194338708297405,1.40673549751233,1.62895622895623,0.082089552238806,0.13735193402984,0.111747189815943,PTPN22
10000,201,305,1,1,0.54,0.1893,0.18162059142978,0.19697940857022,1.39989247962021,1.62895622895623,0.082089552238806,0.13735193402984,0.111264081434548,PTPN22
10000,201,305,1,1,0.55,0.1849,0.17728979627851,0.19251020372149,1.3930568972849,1.62895622895623,0.082089552238806,0.13735193402984,0.110780973053154,PTPN22
10000,201,305,1,1,0.56,0.1833,0.175715361418094,0.190884638581907,1.38622873839388,1.62895622895623,0.082089552238806,0.13735193402984,0.11029786467176,PTPN22
10000,201,305,1,1,0.57,0.1779,0.170403256033938,0.185396743966062,1.37940799086092,1.62895622895623,0.082089552238806,0.13735193402984,0.109814756290366,PTPN22
10000,201,305,1,1,0.58,0.17,0.162636472933637,0.177363527066363,1.37259464262601,1.62895622895623,0.082089552238806,0.13735193402984,0.109331647908971,PTPN22
10000,201,305,1,1,0.59,0.166,0.158706105959351,0.173293894040649,1.36578868165529,1.62895622895623,0.082089552238806,0.13735193402984,0.108848539527577,PTPN22
10000,201,305,1,1,0.6,0.1572,0.150064721729306,0.164335278270694,1.35899009594099,1.62895622895623,0.082089552238806,0.13735193402984,0.108365431146183,PTPN22
10000,201,305,1,1,0.61,0.1589,0.151733482829918,0.166066517170082,1.35219887350134,1.62895622895623,0.082089552238806,0.13735193402984,0.107882322764788,PTPN22
10000,201,305,1,1,0.62,0.1546,0.147513068301918,0.161686931698082,1.34541500238053,1.62895622895623,0.082089552238806,0.13735193402984,0.107399214383394,PTPN22
10000,201,305,1,1,0.63,0.1451,0.138195793928515,0.152004206071485,1.33863847064858,1.62895622895623,0.082089552238806,0.13735193402984,0.106916106002,PTPN22
10000,201,305,1,1,0.64,0.1366,0.129867850488669,0.143332149511331,1.33186926640135,1.62895622895623,0.082089552238806,0.13735193402984,0.106432997620606,PTPN22
10000,201,305,1,1,0.65,0.136,0.12928031823326,0.14271968176674,1.32510737776041,1.62895622895623,0.082089552238806,0.13735193402984,0.105949889239211,PTPN22
10000,201,305,1,1,0.66,0.1337,0.127028519185169,0.140371480814832,1.318352792873,1.62895622895623,0.082089552238806,0.13735193402984,0.105466780857817,PTPN22
10000,201,305,1,1,0.67,0.1356,0.128888654382001,0.142311345617999,1.31160549991194,1.62895622895623,0.082089552238806,0.13735193402984,0.104983672476423,PTPN22
10000,201,305,1,1,0.68,0.1273,0.120766151347307,0.133833848652693,1.30486548707558,1.62895622895623,0.082089552238806,0.13735193402984,0.104500564095028,PTPN22
10000,201,305,1,1,0.69,0.1261,0.119592550693752,0.132607449306248,1.29813274258772,1.62895622895623,0.082089552238806,0.13735193402984,0.104017455713634,PTPN22
10000,201,305,1,1,0.7,0.1204,0.114020623496982,0.126779376503018,1.29140725469755,1.62895622895623,0.082089552238806,0.13735193402984,0.10353434733224,PTPN22
10000,201,305,1,1,0.71,0.1217,0.11529101712521,0.12810898287479,1.28468901167957,1.62895622895623,0.082089552238806,0.13735193402984,0.103051238950845,PTPN22
10000,201,305,1,1,0.72,0.1143,0.108062812236854,0.120537187763146,1.27797800183354,1.62895622895623,0.082089552238806,0.13735193402984,0.102568130569451,PTPN22
10000,201,305,1,1,0.73,0.1186,0.11226201439852,0.12493798560148,1.27127421348438,1.62895622895623,0.082089552238806,0.13735193402984,0.102085022188057,PTPN22
10000,201,305,1,1,0.74,0.1134,0.107184260981109,0.119615739018891,1.26457763498215,1.62895622895623,0.082089552238806,0.13735193402984,0.101601913806663,PTPN22
10000,201,305,1,1,0.75,0.1037,0.0977236165139154,0.109676383486085,1.25788825470194,1.62895622895623,0.082089552238806,0.13735193402984,0.101118805425268,PTPN22
10000,201,305,1,1,0.76,0.1059,0.0998679711761852,0.111932028823815,1.2512060610438,1.62895622895623,0.082089552238806,0.13735193402984,0.100635697043874,PTPN22
10000,201,305,1,1,0.77,0.1068,0.100745443111423,0.112854556888577,1.24453104243273,1.62895622895623,0.082089552238806,0.13735193402984,0.10015258866248,PTPN22
10000,201,305,1,1,0.78,0.098,0.0921717430900514,0.103828256909949,1.23786318731854,1.62895622895623,0.082089552238806,0.13735193402984,0.0996694802810854,PTPN22
10000,201,305,1,1,0.79,0.1014,0.0954826866853372,0.107317313314663,1.23120248417583,1.62895622895623,0.082089552238806,0.13735193402984,0.0991863718996911,PTPN22
10000,201,305,1,1,0.8,0.0906,0.0849731679253349,0.0962268320746651,1.22454892150393,1.62895622895623,0.082089552238806,0.13735193402984,0.0987032635182968,PTPN22
10000,201,305,1,1,0.81,0.0932,0.087501164873598,0.0988988351264021,1.21790248782679,1.62895622895623,0.082089552238806,0.13735193402984,0.0982201551369025,PTPN22
10000,201,305,1,1,0.82,0.091,0.0853620006897583,0.0966379993102418,1.21126317169293,1.62895622895623,0.082089552238806,0.13735193402984,0.0977370467555082,PTPN22
10000,201,305,1,1,0.83,0.0849,0.0794360023557778,0.0903639976442222,1.20463096167542,1.62895622895623,0.082089552238806,0.13735193402984,0.0972539383741139,PTPN22
10000,201,305,1,1,0.84,0.0836,0.0781741465483011,0.0890258534516988,1.19800584637175,1.62895622895623,0.082089552238806,0.13735193402984,0.0967708299927197,PTPN22
10000,201,305,1,1,0.85,0.0847,0.0792418455978621,0.0901581544021379,1.1913878144038,1.62895622895623,0.082089552238806,0.13735193402984,0.0962877216113254,PTPN22
10000,201,305,1,1,0.86,0.0834,0.0779800493474005,0.0888199506525995,1.18477685441777,1.62895622895623,0.082089552238806,0.13735193402984,0.0958046132299311,PTPN22
10000,201,305,1,1,0.87,0.08,0.0746818413641325,0.0853181586358675,1.1781729550841,1.62895622895623,0.082089552238806,0.13735193402984,0.0953215048485368,PTPN22
10000,201,305,1,1,0.88,0.0738,0.0686748928463747,0.0789251071536253,1.17157610509744,1.62895622895623,0.082089552238806,0.13735193402984,0.0948383964671425,PTPN22
10000,201,305,1,1,0.89,0.0731,0.0679973296750914,0.0782026703249086,1.16498629317653,1.62895622895623,0.082089552238806,0.13735193402984,0.0943552880857482,PTPN22
10000,201,305,1,1,0.9,0.0777,0.0724523000606752,0.0829476999393248,1.15840350806421,1.62895622895623,0.082089552238806,0.13735193402984,0.0938721797043539,PTPN22
10000,201,305,1,1,0.91,0.073,0.0679005460092536,0.0780994539907464,1.15182773852727,1.62895622895623,0.082089552238806,0.13735193402984,0.0933890713229596,PTPN22
10000,201,305,1,1,0.92,0.0691,0.0641282083631875,0.0740717916368125,1.14525897335647,1.62895622895623,0.082089552238806,0.13735193402984,0.0929059629415653,PTPN22
10000,201,305,1,1,0.93,0.0693,0.0643215533799298,0.0742784466200702,1.13869720136642,1.62895622895623,0.082089552238806,0.13735193402984,0.092422854560171,PTPN22
10000,201,305,1,1,0.94,0.0662,0.0613260809684541,0.0710739190315459,1.13214241139553,1.62895622895623,0.082089552238806,0.13735193402984,0.0919397461787767,PTPN22
10000,201,305,1,1,0.95,0.0636,0.0588161049773325,0.0683838950226675,1.12559459230595,1.62895622895623,0.082089552238806,0.13735193402984,0.0914566377973824,PTPN22
10000,201,305,1,1,0.96,0.0614,0.056694055064794,0.066105944935206,1.11905373298351,1.62895622895623,0.082089552238806,0.13735193402984,0.0909735294159881,PTPN22
10000,201,305,1,1,0.97,0.0605,0.0558264331389891,0.0651735668610109,1.11251982233767,1.62895622895623,0.082089552238806,0.13735193402984,0.0904904210345938,PTPN22
10000,201,305,1,1,0.98,0.0608,0.056115608198438,0.0654843918015621,1.10599284930142,1.62895622895623,0.082089552238806,0.13735193402984,0.0900073126531995,PTPN22
10000,201,305,1,1,0.99,0.0595,0.0548627526315204,0.0641372473684796,1.09947280283123,1.62895622895623,0.082089552238806,0.13735193402984,0.0895242042718052,PTPN22
10000,201,305,1,1,1,0.0586,0.053995756479164,0.063204243520836,1.09295967190704,1.62895622895623,0.082089552238806,0.13735193402984,0.089041095890411,PTPN22
10000,201,305,1,1,0,0.3996,0.389998137949388,0.409201862050612,1.36474006653432,1.53899186256781,0.557213930348259,0.632004658168884,0.632004658168884,CTLA4
10000,201,305,1,1,0.01,0.3894,0.379841301700778,0.398958698299222,1.35861914300034,1.53899186256781,0.557213930348259,0.632004658168884,0.630958584189935,CTLA4
10000,201,305,1,1,0.02,0.3789,0.36939032996996,0.388409670030041,1.35253282176453,1.53899186256781,0.557213930348259,0.632004658168884,0.629912510210986,CTLA4
10000,201,305,1,1,0.03,0.3579,0.348502668121335,0.367297331878665,1.34648081023764,1.53899186256781,0.557213930348259,0.632004658168884,0.628866436232037,CTLA4
10000,201,305,1,1,0.04,0.3638,0.354369156014407,0.373230843985593,1.34046281911992,1.53899186256781,0.557213930348259,0.632004658168884,0.627820362253087,CTLA4
10000,201,305,1,1,0.05,0.3418,0.332502046951706,0.351097953048294,1.33447856235498,1.53899186256781,0.557213930348259,0.632004658168884,0.626774288274138,CTLA4
10000,201,305,1,1,0.06,0.3349,0.325648259809352,0.344151740190648,1.32852775708451,1.53899186256781,0.557213930348259,0.632004658168884,0.625728214295189,CTLA4
10000,201,305,1,1,0.07,0.3329,0.323662068267241,0.342137931732759,1.3226101236037,1.53899186256781,0.557213930348259,0.632004658168884,0.62468214031624,CTLA4
10000,201,305,1,1,0.08,0.315,0.305894098602557,0.324105901397444,1.31672538531738,1.53899186256781,0.557213930348259,0.632004658168884,0.623636066337291,CTLA4
10000,201,305,1,1,0.09,0.3177,0.30857319705877,0.32682680294123,1.31087326869701,1.53899186256781,0.557213930348259,0.632004658168884,0.622589992358342,CTLA4
10000,201,305,1,1,0.1,0.3013,0.292305701056933,0.310294298943067,1.30505350323818,1.53899186256781,0.557213930348259,0.632004658168884,0.621543918379393,CTLA4
10000,201,305,1,1,0.11,0.2923,0.283384178067864,0.301215821932136,1.29926582141904,1.53899186256781,0.557213930348259,0.632004658168884,0.620497844400444,CTLA4
10000,201,305,1,1,0.12,0.291,0.282095859735231,0.299904140264769,1.29350995865923,1.53899186256781,0.557213930348259,0.632004658168884,0.619451770421494,CTLA4
10000,201,305,1,1,0.13,0.2755,0.26674205170006,0.28425794829994,1.28778565327963,1.53899186256781,0.557213930348259,0.632004658168884,0.618405696442545,CTLA4
10000,201,305,1,1,0.14,0.2662,0.257536063513418,0.274863936486582,1.28209264646263,1.53899186256781,0.557213930348259,0.632004658168884,0.617359622463596,CTLA4
10000,201,305,1,1,0.15,0.2689,0.260208271065383,0.277591728934617,1.27643068221317,1.53899186256781,0.557213930348259,0.632004658168884,0.616313548484647,CTLA4
10000,201,305,1,1,0.16,0.2566,0.248038260988871,0.26516173901113,1.27079950732036,1.53899186256781,0.557213930348259,0.632004658168884,0.615267474505698,CTLA4
10000,201,305,1,1,0.17,0.245,0.236569003701544,0.253430996298456,1.26519887131973,1.53899186256781,0.557213930348259,0.632004658168884,0.614221400526749,CTLA4
10000,201,305,1,1,0.18,0.2392,0.230837459766216,0.247562540233784,1.25962852645608,1.53899186256781,0.557213930348259,0.632004658168884,0.6131753265478,CTLA4
10000,201,305,1,1,0.19,0.2383,0.229948271271852,0.246651728728149,1.25408822764696,1.53899186256781,0.557213930348259,0.632004658168884,0.612129252568851,CTLA4
10000,201,305,1,1,0.2,0.2258,0.21760383046762,0.23399616953238,1.24857773244675,1.53899186256781,0.557213930348259,0.632004658168884,0.611083178589902,CTLA4
10000,201,305,1,1,0.21,0.2176,0.20951153245854,0.22568846754146,1.24309680101123,1.53899186256781,0.557213930348259,0.632004658168884,0.610037104610953,CTLA4
10000,201,305,1,1,0.22,0.214,0.205960287098945,0.222039712901055,1.23764519606285,1.53899186256781,0.557213930348259,0.632004658168884,0.608991030632003,CTLA4
10000,201,305,1,1,0.23,0.2095,0.201522527212487,0.217477472787513,1.23222268285645,1.53899186256781,0.557213930348259,0.632004658168884,0.607944956653054,CTLA4
10000,201,305,1,1,0.24,0.199,0.191173543479577,0.206826456520423,1.22682902914555,1.53899186256781,0.557213930348259,0.632004658168884,0.606898882674105,CTLA4
10000,201,305,1,1,0.25,0.1901,0.182408179539554,0.197791820460446,1.22146400514925,1.53899186256781,0.557213930348259,0.632004658168884,0.605852808695156,CTLA4
10000,201,305,1,1,0.26,0.1893,0.18162059142978,0.19697940857022,1.21612738351956,1.53899186256781,0.557213930348259,0.632004658168884,0.604806734716207,CTLA4
10000,201,305,1,1,0.27,0.1829,0.175321786461825,0.190478213538175,1.21081893930926,1.53899186256781,0.557213930348259,0.632004658168884,0.603760660737258,CTLA4
10000,201,305,1,1,0.28,0.1759,0.168436453250959,0.183363546749041,1.20553844994035,1.53899186256781,0.557213930348259,0.632004658168884,0.602714586758309,CTLA4
10000,201,305,1,1,0.29,0.1733,0.165880141369579,0.180719858630421,1.20028569517291,1.53899186256781,0.557213930348259,0.632004658168884,0.60166851277936,CTLA4
10000,201,305,1,1,0.3,0.1597,0.152518882704924,0.166881117295076,1.19506045707447,1.53899186256781,0.557213930348259,0.632004658168884,0.600622438800411,CTLA4
10000,201,305,1,1,0.31,0.1603,0.15310797450261,0.16749202549739,1.1898625199899,1.53899186256781,0.557213930348259,0.632004658168884,0.599576364821461,CTLA4
10000,201,305,1,1,0.32,0.149,0.14201960024054,0.15598039975946,1.18469167051172,1.53899186256781,0.557213930348259,0.632004658168884,0.598530290842512,CTLA4
10000,201,305,1,1,0.33,0.1442,0.137313617337762,0.151086382662238,1.17954769745089,1.53899186256781,0.557213930348259,0.632004658168884,0.597484216863563,CTLA4
10000,201,305,1,1,0.34,0.1376,0.130847167592267,0.144352832407733,1.17443039180806,1.53899186256781,0.557213930348259,0.632004658168884,0.596438142884614,CTLA4
10000,201,305,1,1,0.35,0.1371,0.130357493985597,0.143842506014403,1.16933954674528,1.53899186256781,0.557213930348259,0.632004658168884,0.595392068905665,CTLA4
10000,201,305,1,1,0.36,0.1305,0.123896678696344,0.137103321303656,1.16427495755812,1.53899186256781,0.557213930348259,0.632004658168884,0.594345994926716,CTLA4
10000,201,305,1,1,0.37,0.1254,0.118908039250901,0.131891960749099,1.15923642164823,1.53899186256781,0.557213930348259,0.632004658168884,0.593299920947767,CTLA4
10000,201,305,1,1,0.38,0.1229,0.116463898602349,0.129336101397651,1.15422373849633,1.53899186256781,0.557213930348259,0.632004658168884,0.592253846968818,CTLA4
10000,201,305,1,1,0.39,0.1196,0.113238962038129,0.125961037961871,1.1492367096356,1.53899186256781,0.557213930348259,0.632004658168884,0.591207772989869,CTLA4
10000,201,305,1,1,0.4,0.1128,0.106598629242375,0.119001370757626,1.1442751386255,1.53899186256781,0.557213930348259,0.632004658168884,0.590161699010919,CTLA4
10000,201,305,1,1,0.41,0.1052,0.0991855871223389,0.111214412877661,1.13933883102595,1.53899186256781,0.557213930348259,0.632004658168884,0.58911562503197,CTLA4
10000,201,305,1,1,0.42,0.0992,0.0933400703063756,0.105059929693624,1.13442759437198,1.53899186256781,0.557213930348259,0.632004658168884,0.588069551053021,CTLA4
10000,201,305,1,1,0.43,0.0955,0.089738595705251,0.101261404294749,1.12954123814865,1.53899186256781,0.557213930348259,0.632004658168884,0.587023477074072,CTLA4
10000,201,305,1,1,0.44,0.1003,0.0944112691168114,0.106188730883189,1.12467957376646,1.53899186256781,0.557213930348259,0.632004658168884,0.585977403095123,CTLA4
10000,201,305,1,1,0.45,0.0966,0.0908090343753919,0.102390965624608,1.11984241453709,1.53899186256781,0.557213930348259,0.632004658168884,0.584931329116174,CTLA4
10000,201,305,1,1,0.46,0.0906,0.0849731679253349,0.0962268320746651,1.11502957564948,1.53899186256781,0.557213930348259,0.632004658168884,0.583885255137225,CTLA4
10000,201,305,1,1,0.47,0.0868,0.0812809389942516,0.0923190610057484,1.11024087414628,1.53899186256781,0.557213930348259,0.632004658168884,0.582839181158276,CTLA4
10000,201,305,1,1,0.48,0.0858,0.0803098193723056,0.0912901806276944,1.10547612890073,1.53899186256781,0.557213930348259,0.632004658168884,0.581793107179326,CTLA4
10000,201,305,1,1,0.49,0.0809,0.0755546268913272,0.0862453731086728,1.10073516059374,1.53899186256781,0.557213930348259,0.632004658168884,0.580747033200377,CTLA4
10000,201,305,1,1,0.5,0.0785,0.0732276421574318,0.0837723578425683,1.09601779169146,1.53899186256781,0.557213930348259,0.632004658168884,0.579700959221428,CTLA4
10000,201,305,1,1,0.51,0.076,0.0708052438921654,0.0811947561078346,1.09132384642309,1.53899186256781,0.557213930348259,0.632004658168884,0.578654885242479,CTLA4
10000,201,305,1,1,0.52,0.0749,0.0697399057999317,0.0800600942000683,1.08665315075904,1.53899186256781,0.557213930348259,0.632004658168884,0.57760881126353,CTLA4
10000,201,305,1,1,0.53,0.0742,0.0690621322468144,0.0793378677531856,1.08200553238944,1.53899186256781,0.557213930348259,0.632004658168884,0.576562737284581,CTLA4
10000,201,305,1,1,0.54,0.0699,0.064901660045295,0.074898339954705,1.07738082070296,1.53899186256781,0.557213930348259,0.632004658168884,0.575516663305632,CTLA4
10000,201,305,1,1,0.55,0.0707,0.0656753009392856,0.0757246990607144,1.0727788467659,1.53899186256781,0.557213930348259,0.632004658168884,0.574470589326683,CTLA4
10000,201,305,1,1,0.56,0.0637,0.0589126011791119,0.0684873988208881,1.06819944330165,1.53899186256781,0.557213930348259,0.632004658168884,0.573424515347734,CTLA4
10000,201,305,1,1,0.57,0.0672,0.062292036933946,0.072107963066054,1.06364244467038,1.53899186256781,0.557213930348259,0.632004658168884,0.572378441368785,CTLA4
10000,201,305,1,1,0.58,0.0603,0.0556336678344617,0.0649663321655383,1.05910768684915,1.53899186256781,0.557213930348259,0.632004658168884,0.571332367389835,CTLA4
10000,201,305,1,1,0.59,0.0585,0.0538994423648923,0.0631005576351078,1.05459500741212,1.53899186256781,0.557213930348259,0.632004658168884,0.570286293410886,CTLA4
10000,201,305,1,1,0.6,0.0584,0.0538031320420106,0.0629968679579894,1.05010424551126,1.53899186256781,0.557213930348259,0.632004658168884,0.569240219431937,CTLA4
10000,201,305,1,1,0.61,0.0583,0.0537068255196558,0.0628931744803442,1.04563524185717,1.53899186256781,0.557213930348259,0.632004658168884,0.568194145452988,CTLA4
10000,201,305,1,1,0.62,0.0572,0.05264770726101,0.06175229273899,1.04118783870028,1.53899186256781,0.557213930348259,0.632004658168884,0.567148071474039,CTLA4
10000,201,305,1,1,0.63,0.0526,0.0482239533515879,0.0569760466484121,1.03676187981226,1.53899186256781,0.557213930348259,0.632004658168884,0.56610199749509,CTLA4
10000,201,305,1,1,0.64,0.0542,0.049761648652617,0.058638351347383,1.03235721046778,1.53899186256781,0.557213930348259,0.632004658168884,0.565055923516141,CTLA4
10000,201,305,1,1,0.65,0.0516,0.0472634635203377,0.0559365364796623,1.02797367742641,1.53899186256781,0.557213930348259,0.632004658168884,0.564009849537191,CTLA4
10000,201,305,1,1,0.66,0.0518,0.047455525664739,0.056144474335261,1.0236111289149,1.53899186256781,0.557213930348259,0.632004658168884,0.562963775558242,CTLA4
10000,201,305,1,1,0.67,0.0542,0.049761648652617,0.058638351347383,1.01926941460963,1.53899186256781,0.557213930348259,0.632004658168884,0.561917701579293,CTLA4
10000,201,305,1,1,0.68,0.0503,0.0460155054753558,0.0545844945246442,1.01494838561939,1.53899186256781,0.557213930348259,0.632004658168884,0.560871627600344,CTLA4
10000,201,305,1,1,0.69,0.0492,0.0449601595047309,0.0534398404952691,1.0106478944683,1.53899186256781,0.557213930348259,0.632004658168884,0.559825553621395,CTLA4
10000,201,305,1,1,0.7,0.0518,0.047455525664739,0.056144474335261,1.00636779507907,1.53899186256781,0.557213930348259,0.632004658168884,0.558779479642446,CTLA4
10000,201,305,1,1,0.71,0.0477,0.0435219997434015,0.0518780002565985,1.00210794275646,1.53899186256781,0.557213930348259,0.632004658168884,0.557733405663497,CTLA4
10000,201,305,1,1,0.72,0.0495,0.0452479237810448,0.0537520762189553,0.997868194170943,1.53899186256781,0.557213930348259,0.632004658168884,0.556687331684548,CTLA4
10000,201,305,1,1,0.73,0.0492,0.0449601595047309,0.0534398404952691,0.993648407342678,1.53899186256781,0.557213930348259,0.632004658168884,0.555641257705599,CTLA4
10000,201,305,1,1,0.74,0.0505,0.0462074481055885,0.0547925518944115,0.989448441625621,1.53899186256781,0.557213930348259,0.632004658168884,0.55459518372665,CTLA4
10000,201,305,1,1,0.75,0.0528,0.0484161045668895,0.0571838954331105,0.985268157691913,1.53899186256781,0.557213930348259,0.632004658168884,0.5535491097477,CTLA4
10000,201,305,1,1,0.76,0.0531,0.048704364223926,0.057495635776074,0.981107417516475,1.53899186256781,0.557213930348259,0.632004658168884,0.552503035768751,CTLA4
10000,201,305,1,1,0.77,0.0513,0.0469754042868271,0.0556245957131729,0.976966084361812,1.53899186256781,0.557213930348259,0.632004658168884,0.551456961789802,CTLA4
10000,201,305,1,1,0.78,0.0513,0.0469754042868271,0.0556245957131729,0.972844022763039,1.53899186256781,0.557213930348259,0.632004658168884,0.550410887810853,CTLA4
10000,201,305,1,1,0.79,0.0602,0.0555372906279485,0.0648627093720515,0.968741098513103,1.53899186256781,0.557213930348259,0.632004658168884,0.549364813831904,CTLA4
10000,201,305,1,1,0.8,0.0526,0.0482239533515879,0.0569760466484121,0.964657178648224,1.53899186256781,0.557213930348259,0.632004658168884,0.548318739852955,CTLA4
10000,201,305,1,1,0.81,0.0541,0.0496655105509702,0.0585344894490298,0.960592131433528,1.53899186256781,0.557213930348259,0.632004658168884,0.547272665874006,CTLA4
10000,201,305,1,1,0.82,0.057,0.0524551908059647,0.0615448091940353,0.956545826348886,1.53899186256781,0.557213930348259,0.632004658168884,0.546226591895057,CTLA4
10000,201,305,1,1,0.83,0.0597,0.0550554593929629,0.0643445406070371,0.952518134074937,1.53899186256781,0.557213930348259,0.632004658168884,0.545180517916108,CTLA4
10000,201,305,1,1,0.84,0.0589,0.0542847214795296,0.0635152785204704,0.948508926479318,1.53899186256781,0.557213930348259,0.632004658168884,0.544134443937158,CTLA4
10000,201,305,1,1,0.85,0.0628,0.0580442573819094,0.0675557426180906,0.944518076603076,1.53899186256781,0.557213930348259,0.632004658168884,0.543088369958209,CTLA4
10000,201,305,1,1,0.86,0.0633,0.0585266366336084,0.0680733633663916,0.940545458647261,1.53899186256781,0.557213930348259,0.632004658168884,0.54204229597926,CTLA4
10000,201,305,1,1,0.87,0.0693,0.0643215533799298,0.0742784466200702,0.936590947959714,1.53899186256781,0.557213930348259,0.632004658168884,0.540996222000311,CTLA4
10000,201,305,1,1,0.88,0.0656,0.0607466600180062,0.0704533399819939,0.932654421022022,1.53899186256781,0.557213930348259,0.632004658168884,0.539950148021362,CTLA4
10000,201,305,1,1,0.89,0.067,0.0620988205505424,0.0719011794494576,0.928735755436666,1.53899186256781,0.557213930348259,0.632004658168884,0.538904074042413,CTLA4
10000,201,305,1,1,0.9,0.0696,0.0646115933294484,0.0745884066705516,0.924834829914328,1.53899186256781,0.557213930348259,0.632004658168884,0.537858000063464,CTLA4
10000,201,305,1,1,0.91,0.0715,0.0664491280828248,0.0765508719171752,0.92095152426138,1.53899186256781,0.557213930348259,0.632004658168884,0.536811926084515,CTLA4
10000,201,305,1,1,0.92,0.0779,0.0726461203470012,0.0831538796529988,0.917085719367539,1.53899186256781,0.557213930348259,0.632004658168884,0.535765852105565,CTLA4
10000,201,305,1,1,0.93,0.0798,0.0744879159161209,0.0851120840838791,0.91323729719369,1.53899186256781,0.557213930348259,0.632004658168884,0.534719778126616,CTLA4
10000,201,305,1,1,0.94,0.0812,0.0758455990566039,0.0865544009433961,0.909406140759868,1.53899186256781,0.557213930348259,0.632004658168884,0.533673704147667,CTLA4
10000,201,305,1,1,0.95,0.0846,0.0791447706226032,0.0900552293773968,0.905592134133409,1.53899186256781,0.557213930348259,0.632004658168884,0.532627630168718,CTLA4
10000,201,305,1,1,0.96,0.088,0.0824465721247519,0.0935534278752481,0.901795162417253,1.53899186256781,0.557213930348259,0.632004658168884,0.531581556189769,CTLA4
10000,201,305,1,1,0.97,0.094,0.0882792837610049,0.0997207162389951,0.89801511173841,1.53899186256781,0.557213930348259,0.632004658168884,0.53053548221082,CTLA4
10000,201,305,1,1,0.98,0.0942,0.0884738332582841,0.099926166741716,0.894251869236571,1.53899186256781,0.557213930348259,0.632004658168884,0.529489408231871,CTLA4
10000,201,305,1,1,0.99,0.0941,0.0883765575251173,0.0998234424748827,0.890505323052877,1.53899186256781,0.557213930348259,0.632004658168884,0.528443334252922,CTLA4
10000,201,305,1,1,1,0.0988,0.0929505983342157,0.104649401665784,0.88677536231884,1.53899186256781,0.557213930348259,0.632004658168884,0.527397260273973,CTLA4
10000,201,305,1,1,0,0.6982,0.689201462712595,0.707198537287405,0.634959008064725,0.937686939182453,0.507462686567164,0.395478246243552,0.395478246243552,IRF5
10000,201,305,1,1,0.01,0.7015,0.692529670704173,0.710470329295827,0.635370263638483,0.937686939182453,0.507462686567164,0.395478246243552,0.395633052822213,IRF5
10000,201,305,1,1,0.02,0.6986,0.689604852373893,0.707595147626107,0.635781729949709,0.937686939182453,0.507462686567164,0.395478246243552,0.395787859400873,IRF5
10000,201,305,1,1,0.03,0.7024,0.693437460235827,0.711362539764173,0.636193407160425,0.937686939182453,0.507462686567164,0.395478246243552,0.395942665979533,IRF5
10000,201,305,1,1,0.04,0.6938,0.684764709476357,0.702835290523643,0.63660529543282,0.937686939182453,0.507462686567164,0.395478246243552,0.396097472558194,IRF5
10000,201,305,1,1,0.05,0.6946,0.685571319465417,0.703628680534583,0.637017394929247,0.937686939182453,0.507462686567164,0.395478246243552,0.396252279136854,IRF5
10000,201,305,1,1,0.06,0.6961,0.687083799776625,0.705116200223375,0.637429705812228,0.937686939182453,0.507462686567164,0.395478246243552,0.396407085715515,IRF5
10000,201,305,1,1,0.07,0.6874,0.678312976914519,0.696487023085482,0.637842228244452,0.937686939182453,0.507462686567164,0.395478246243552,0.396561892294175,IRF5
10000,201,305,1,1,0.08,0.6904,0.68133697353896,0.69946302646104,0.638254962388772,0.937686939182453,0.507462686567164,0.395478246243552,0.396716698872835,IRF5
10000,201,305,1,1,0.09,0.6951,0.686075467006079,0.704124532993921,0.638667908408212,0.937686939182453,0.507462686567164,0.395478246243552,0.396871505451496,IRF5
10000,201,305,1,1,0.1,0.6914,0.682345071422147,0.700454928577853,0.63908106646596,0.937686939182453,0.507462686567164,0.395478246243552,0.397026312030156,IRF5
10000,201,305,1,1,0.11,0.6889,0.679824919657723,0.697975080342277,0.639494436725373,0.937686939182453,0.507462686567164,0.395478246243552,0.397181118608816,IRF5
10000,201,305,1,1,0.12,0.6947,0.685672147969799,0.703727852030201,0.639908019349978,0.937686939182453,0.507462686567164,0.395478246243552,0.397335925187477,IRF5
10000,201,305,1,1,0.13,0.681,0.671863259757065,0.690136740242935,0.640321814503466,0.937686939182453,0.507462686567164,0.395478246243552,0.397490731766137,IRF5
10000,201,305,1,1,0.14,0.6676,0.658365549616332,0.676834450383668,0.640735822349699,0.937686939182453,0.507462686567164,0.395478246243552,0.397645538344797,IRF5
10000,201,305,1,1,0.15,0.6883,0.679220129248527,0.697379870751473,0.641150043052707,0.937686939182453,0.507462686567164,0.395478246243552,0.397800344923458,IRF5
10000,201,305,1,1,0.16,0.6782,0.669042133816691,0.687357866183309,0.641564476776688,0.937686939182453,0.507462686567164,0.395478246243552,0.397955151502118,IRF5
10000,201,305,1,1,0.17,0.6807,0.671560978159582,0.689839021840418,0.641979123686011,0.937686939182453,0.507462686567164,0.395478246243552,0.398109958080779,IRF5
10000,201,305,1,1,0.18,0.6861,0.677002716096974,0.695197283903026,0.642393983945211,0.937686939182453,0.507462686567164,0.395478246243552,0.398264764659439,IRF5
10000,201,305,1,1,0.19,0.6818,0.672669365322419,0.690930634677581,0.642809057718994,0.937686939182453,0.507462686567164,0.395478246243552,0.398419571238099,IRF5
10000,201,305,1,1,0.2,0.6757,0.666523589896012,0.684876410103988,0.643224345172236,0.937686939182453,0.507462686567164,0.395478246243552,0.39857437781676,IRF5
10000,201,305,1,1,0.21,0.6697,0.660480299423013,0.678919700576987,0.643639846469984,0.937686939182453,0.507462686567164,0.395478246243552,0.39872918439542,IRF5
10000,201,305,1,1,0.22,0.6766,0.667430231214231,0.685769768785769,0.64405556177745,0.937686939182453,0.507462686567164,0.395478246243552,0.39888399097408,IRF5
10000,201,305,1,1,0.23,0.6756,0.666422854362109,0.684777145637892,0.644471491260022,0.937686939182453,0.507462686567164,0.395478246243552,0.399038797552741,IRF5
10000,201,305,1,1,0.24,0.6717,0.662494539980515,0.680905460019485,0.644887635083256,0.937686939182453,0.507462686567164,0.395478246243552,0.399193604131401,IRF5
10000,201,305,1,1,0.25,0.6587,0.649405321837428,0.667994678162572,0.645303993412878,0.937686939182453,0.507462686567164,0.395478246243552,0.399348410710061,IRF5
10000,201,305,1,1,0.26,0.6642,0.654942106890513,0.673457893109488,0.645720566414786,0.937686939182453,0.507462686567164,0.395478246243552,0.399503217288722,IRF5
10000,201,305,1,1,0.27,0.6661,0.656855140676867,0.675344859323133,0.646137354255048,0.937686939182453,0.507462686567164,0.395478246243552,0.399658023867382,IRF5
10000,201,305,1,1,0.28,0.6667,0.657459291617639,0.675940708382361,0.646554357099905,0.937686939182453,0.507462686567164,0.395478246243552,0.399812830446043,IRF5
10000,201,305,1,1,0.29,0.6639,0.654640064295903,0.673159935704097,0.646971575115769,0.937686939182453,0.507462686567164,0.395478246243552,0.399967637024703,IRF5
10000,201,305,1,1,0.3,0.6626,0.653331261371929,0.671868738628071,0.647389008469222,0.937686939182453,0.507462686567164,0.395478246243552,0.400122443603363,IRF5
10000,201,305,1,1,0.31,0.6564,0.647090352345385,0.665709647654615,0.647806657327021,0.937686939182453,0.507462686567164,0.395478246243552,0.400277250182024,IRF5
10000,201,305,1,1,0.32,0.656,0.646687773695411,0.665312226304589,0.648224521856092,0.937686939182453,0.507462686567164,0.395478246243552,0.400432056760684,IRF5
10000,201,305,1,1,0.33,0.6511,0.64175677703215,0.66044322296785,0.648642602223537,0.937686939182453,0.507462686567164,0.395478246243552,0.400586863339344,IRF5
10000,201,305,1,1,0.34,0.6537,0.644373088221133,0.663026911778867,0.649060898596627,0.937686939182453,0.507462686567164,0.395478246243552,0.400741669918005,IRF5
10000,201,305,1,1,0.35,0.6627,0.65343193573533,0.67196806426467,0.649479411142809,0.937686939182453,0.507462686567164,0.395478246243552,0.400896476496665,IRF5
10000,201,305,1,1,0.36,0.6547,0.645379443567947,0.664020556432053,0.649898140029701,0.937686939182453,0.507462686567164,0.395478246243552,0.401051283075326,IRF5
10000,201,305,1,1,0.37,0.6532,0.643869927616218,0.662530072383782,0.650317085425095,0.937686939182453,0.507462686567164,0.395478246243552,0.401206089653986,IRF5
10000,201,305,1,1,0.38,0.6554,0.646083919433384,0.664716080566616,0.650736247496957,0.937686939182453,0.507462686567164,0.395478246243552,0.401360896232646,IRF5
10000,201,305,1,1,0.39,0.6543,0.644976895963215,0.663623104036785,0.651155626413428,0.937686939182453,0.507462686567164,0.395478246243552,0.401515702811307,IRF5
10000,201,305,1,1,0.4,0.6606,0.651317871331437,0.669882128668563,0.651575222342818,0.937686939182453,0.507462686567164,0.395478246243552,0.401670509389967,IRF5
10000,201,305,1,1,0.41,0.6527,0.64336677837487,0.66203322162513,0.651995035453617,0.937686939182453,0.507462686567164,0.395478246243552,0.401825315968627,IRF5
10000,201,305,1,1,0.42,0.6536,0.644272455190511,0.662927544809489,0.652415065914488,0.937686939182453,0.507462686567164,0.395478246243552,0.401980122547288,IRF5
10000,201,305,1,1,0.43,0.6468,0.637430471561776,0.656169528438224,0.652835313894266,0.937686939182453,0.507462686567164,0.395478246243552,0.402134929125948,IRF5
10000,201,305,1,1,0.44,0.6435,0.634110846843762,0.652889153156238,0.653255779561963,0.937686939182453,0.507462686567164,0.395478246243552,0.402289735704608,IRF5
10000,201,305,1,1,0.45,0.6373,0.627875287354687,0.646724712645313,0.653676463086767,0.937686939182453,0.507462686567164,0.395478246243552,0.402444542283269,IRF5
10000,201,305,1,1,0.46,0.6377,0.62827753015708,0.647122469842921,0.654097364638039,0.937686939182453,0.507462686567164,0.395478246243552,0.402599348861929,IRF5
10000,201,305,1,1,0.47,0.636,0.626568046949954,0.645431953050046,0.654518484385318,0.937686939182453,0.507462686567164,0.395478246243552,0.40275415544059,IRF5
10000,201,305,1,1,0.48,0.6335,0.624054331935356,0.642945668064644,0.654939822498317,0.937686939182453,0.507462686567164,0.395478246243552,0.40290896201925,IRF5
10000,201,305,1,1,0.49,0.6385,0.629082036949396,0.647917963050604,0.655361379146926,0.937686939182453,0.507462686567164,0.395478246243552,0.40306376859791,IRF5
10000,201,305,1,1,0.5,0.65,0.640649968346552,0.659350031653448,0.655783154501212,0.937686939182453,0.507462686567164,0.395478246243552,0.403218575176571,IRF5
10000,201,305,1,1,0.51,0.6268,0.617318922598739,0.636281077401261,0.656205148731416,0.937686939182453,0.507462686567164,0.395478246243552,0.403373381755231,IRF5
10000,201,305,1,1,0.52,0.6376,0.628176968794726,0.647023031205274,0.656627362007957,0.937686939182453,0.507462686567164,0.395478246243552,0.403528188333891,IRF5
10000,201,305,1,1,0.53,0.6289,0.619429810810107,0.638370189189893,0.657049794501433,0.937686939182453,0.507462686567164,0.395478246243552,0.403682994912552,IRF5
10000,201,305,1,1,0.54,0.6361,0.626668601262156,0.645531398737844,0.657472446382617,0.937686939182453,0.507462686567164,0.395478246243552,0.403837801491212,IRF5
10000,201,305,1,1,0.55,0.6328,0.623350540844896,0.642249459155104,0.657895317822458,0.937686939182453,0.507462686567164,0.395478246243552,0.403992608069873,IRF5
10000,201,305,1,1,0.56,0.6284,0.618927201017097,0.637872798982903,0.658318408992087,0.937686939182453,0.507462686567164,0.395478246243552,0.404147414648533,IRF5
10000,201,305,1,1,0.57,0.6322,0.622747308403476,0.641652691596524,0.658741720062809,0.937686939182453,0.507462686567164,0.395478246243552,0.404302221227193,IRF5
10000,201,305,1,1,0.58,0.6352,0.625763628284814,0.644636371715187,0.659165251206109,0.937686939182453,0.507462686567164,0.395478246243552,0.404457027805854,IRF5
10000,201,305,1,1,0.59,0.6251,0.615610248276773,0.634589751723228,0.65958900259365,0.937686939182453,0.507462686567164,0.395478246243552,0.404611834384514,IRF5
10000,201,305,1,1,0.6,0.6262,0.616715846796526,0.635684153203474,0.660012974397273,0.937686939182453,0.507462686567164,0.395478246243552,0.404766640963174,IRF5
10000,201,305,1,1,0.61,0.6177,0.608173939611377,0.627226060388623,0.660437166788998,0.937686939182453,0.507462686567164,0.395478246243552,0.404921447541835,IRF5
10000,201,305,1,1,0.62,0.618,0.6084753659242,0.6275246340758,0.660861579941026,0.937686939182453,0.507462686567164,0.395478246243552,0.405076254120495,IRF5
10000,201,305,1,1,0.63,0.6269,0.617419436748119,0.636380563251881,0.661286214025733,0.937686939182453,0.507462686567164,0.395478246243552,0.405231060699155,IRF5
10000,201,305,1,1,0.64,0.6227,0.61319821463195,0.63220178536805,0.66171106921568,0.937686939182453,0.507462686567164,0.395478246243552,0.405385867277816,IRF5
10000,201,305,1,1,0.65,0.6192,0.609681109645579,0.628718890354421,0.662136145683603,0.937686939182453,0.507462686567164,0.395478246243552,0.405540673856476,IRF5
10000,201,305,1,1,0.66,0.606,0.59642129488223,0.61557870511777,0.66256144360242,0.937686939182453,0.507462686567164,0.395478246243552,0.405695480435137,IRF5
10000,201,305,1,1,0.67,0.6195,0.609982555202151,0.629017444797849,0.662986963145229,0.937686939182453,0.507462686567164,0.395478246243552,0.405850287013797,IRF5
10000,201,305,1,1,0.68,0.6119,0.602347117662262,0.621452882337738,0.663412704485309,0.937686939182453,0.507462686567164,0.395478246243552,0.406005093592457,IRF5
10000,201,305,1,1,0.69,0.6115,0.601945320519211,0.62105467948079,0.66383866779612,0.937686939182453,0.507462686567164,0.395478246243552,0.406159900171118,IRF5
10000,201,305,1,1,0.7,0.6146,0.605059425795097,0.624140574204903,0.6642648532513,0.937686939182453,0.507462686567164,0.395478246243552,0.406314706749778,IRF5
10000,201,305,1,1,0.71,0.6082,0.598630752125399,0.617769247874601,0.664691261024673,0.937686939182453,0.507462686567164,0.395478246243552,0.406469513328438,IRF5
10000,201,305,1,1,0.72,0.6099,0.600338199626588,0.619461800373412,0.665117891290239,0.937686939182453,0.507462686567164,0.395478246243552,0.406624319907099,IRF5
10000,201,305,1,1,0.73,0.6052,0.595617906323231,0.614782093676769,0.665544744222183,0.937686939182453,0.507462686567164,0.395478246243552,0.406779126485759,IRF5
10000,201,305,1,1,0.74,0.6088,0.599233366737584,0.618366633262416,0.665971819994873,0.937686939182453,0.507462686567164,0.395478246243552,0.40693393306442,IRF5
10000,201,305,1,1,0.75,0.6091,0.599534679735174,0.618665320264826,0.666399118782855,0.937686939182453,0.507462686567164,0.395478246243552,0.40708873964308,IRF5
10000,201,305,1,1,0.76,0.6096,0.60003687650174,0.61916312349826,0.66682664076086,0.937686939182453,0.507462686567164,0.395478246243552,0.40724354622174,IRF5
10000,201,305,1,1,0.77,0.6012,0.591601365795507,0.610798634204493,0.667254386103803,0.937686939182453,0.507462686567164,0.395478246243552,0.407398352800401,IRF5
10000,201,305,1,1,0.78,0.5982,0.588589398911164,0.607810601088836,0.667682354986778,0.937686939182453,0.507462686567164,0.395478246243552,0.407553159379061,IRF5
10000,201,305,1,1,0.79,0.601,0.591400556330351,0.610599443669649,0.668110547585065,0.937686939182453,0.507462686567164,0.395478246243552,0.407707965957721,IRF5
10000,201,305,1,1,0.8,0.6034,0.593810380211856,0.612989619788145,0.668538964074126,0.937686939182453,0.507462686567164,0.395478246243552,0.407862772536382,IRF5
10000,201,305,1,1,0.81,0.5899,0.580258236749424,0.599541763250576,0.668967604629608,0.937686939182453,0.507462686567164,0.395478246243552,0.408017579115042,IRF5
10000,201,305,1,1,0.82,0.6019,0.592304212075913,0.611495787924087,0.669396469427339,0.937686939182453,0.507462686567164,0.395478246243552,0.408172385693702,IRF5
10000,201,305,1,1,0.83,0.5862,0.57654526115536,0.59585473884464,0.669825558643334,0.937686939182453,0.507462686567164,0.395478246243552,0.408327192272363,IRF5
10000,201,305,1,1,0.84,0.5975,0.587886660546939,0.607113339453061,0.67025487245379,0.937686939182453,0.507462686567164,0.395478246243552,0.408481998851023,IRF5
10000,201,305,1,1,0.85,0.603,0.593408726173375,0.612591273826625,0.67068441103509,0.937686939182453,0.507462686567164,0.395478246243552,0.408636805429684,IRF5
10000,201,305,1,1,0.86,0.5879,0.578251153043099,0.597548846956901,0.671114174563802,0.937686939182453,0.507462686567164,0.395478246243552,0.408791612008344,IRF5
10000,201,305,1,1,0.87,0.5785,0.568820055846149,0.588179944153852,0.671544163216676,0.937686939182453,0.507462686567164,0.395478246243552,0.408946418587004,IRF5
10000,201,305,1,1,0.88,0.5897,0.580057520971153,0.599342479028847,0.671974377170652,0.937686939182453,0.507462686567164,0.395478246243552,0.409101225165665,IRF5
10000,201,305,1,1,0.89,0.5898,0.580157878654376,0.599442121345624,0.672404816602851,0.937686939182453,0.507462686567164,0.395478246243552,0.409256031744325,IRF5
10000,201,305,1,1,0.9,0.5919,0.582265485204536,0.601534514795465,0.672835481690583,0.937686939182453,0.507462686567164,0.395478246243552,0.409410838322985,IRF5
10000,201,305,1,1,0.91,0.5795,0.569823192520051,0.589176807479949,0.673266372611341,0.937686939182453,0.507462686567164,0.395478246243552,0.409565644901646,IRF5
10000,201,305,1,1,0.92,0.5867,0.577046981747491,0.596353018252509,0.673697489542807,0.937686939182453,0.507462686567164,0.395478246243552,0.409720451480306,IRF5
10000,201,305,1,1,0.93,0.5885,0.578853260878132,0.598146739121869,0.674128832662848,0.937686939182453,0.507462686567164,0.395478246243552,0.409875258058966,IRF5
10000,201,305,1,1,0.94,0.5786,0.568920367681318,0.588279632318682,0.674560402149517,0.937686939182453,0.507462686567164,0.395478246243552,0.410030064637627,IRF5
10000,201,305,1,1,0.95,0.5796,0.569923508427549,0.589276491572452,0.674992198181056,0.937686939182453,0.507462686567164,0.395478246243552,0.410184871216287,IRF5
10000,201,305,1,1,0.96,0.5774,0.567716652513696,0.587083347486304,0.675424220935893,0.937686939182453,0.507462686567164,0.395478246243552,0.410339677794948,IRF5
10000,201,305,1,1,0.97,0.5745,0.564807915779055,0.584192084220945,0.675856470592642,0.937686939182453,0.507462686567164,0.395478246243552,0.410494484373608,IRF5
10000,201,305,1,1,0.98,0.5762,0.56651299589463,0.58588700410537,0.676288947330107,0.937686939182453,0.507462686567164,0.395478246243552,0.410649290952268,IRF5
10000,201,305,1,1,0.99,0.5633,0.553577367907739,0.573022632092262,0.676721651327279,0.937686939182453,0.507462686567164,0.395478246243552,0.410804097530929,IRF5
10000,201,305,1,1,1,0.5714,0.561698953595711,0.581101046404289,0.677154582763338,0.937686939182453,0.507462686567164,0.395478246243552,0.410958904109589,IRF5
10000,201,305,1,1,0,0.0729,0.0678037651273484,0.0779962348726516,0.897846069015505,0.892318736539842,0.156716417910448,0.142996478732344,0.142996478732344,TNF1
10000,201,305,1,1,0.01,0.0705,0.0654818731405994,0.0755181268594006,0.898911352865364,0.892318736539842,0.156716417910448,0.142996478732344,0.143141856410774,TNF1
10000,201,305,1,1,0.02,0.0733,0.0681909053375388,0.0784090946624612,0.899976998256453,0.892318736539842,0.156716417910448,0.142996478732344,0.143287234089204,TNF1
10000,201,305,1,1,0.03,0.0647,0.0598777470422466,0.0695222529577534,0.901043005372853,0.892318736539842,0.156716417910448,0.142996478732344,0.143432611767634,TNF1
10000,201,305,1,1,0.04,0.0685,0.0635482456018365,0.0734517543981635,0.902109374398774,0.892318736539842,0.156716417910448,0.142996478732344,0.143577989446064,TNF1
10000,201,305,1,1,0.05,0.0703,0.065288457027906,0.075311542972094,0.90317610551855,0.892318736539842,0.156716417910448,0.142996478732344,0.143723367124494,TNF1
10000,201,305,1,1,0.06,0.0666,0.061712425463965,0.071487574536035,0.904243198916639,0.892318736539842,0.156716417910448,0.142996478732344,0.143868744802924,TNF1
10000,201,305,1,1,0.07,0.066,0.0611329278253585,0.0708670721746415,0.905310654777627,0.892318736539842,0.156716417910448,0.142996478732344,0.144014122481354,TNF1
10000,201,305,1,1,0.08,0.0666,0.061712425463965,0.071487574536035,0.906378473286222,0.892318736539842,0.156716417910448,0.142996478732344,0.144159500159784,TNF1
10000,201,305,1,1,0.09,0.0694,0.0644182303791651,0.0743817696208349,0.90744665462726,0.892318736539842,0.156716417910448,0.142996478732344,0.144304877838214,TNF1
10000,201,305,1,1,0.1,0.068,0.0630650268608891,0.072934973139111,0.908515198985701,0.892318736539842,0.156716417910448,0.142996478732344,0.144450255516644,TNF1
10000,201,305,1,1,0.11,0.0658,0.0609397874904396,0.0706602125095604,0.909584106546633,0.892318736539842,0.156716417910448,0.142996478732344,0.144595633195074,TNF1
10000,201,305,1,1,0.12,0.0661,0.0612295027992626,0.0709704972007374,0.910653377495268,0.892318736539842,0.156716417910448,0.142996478732344,0.144741010873503,TNF1
10000,201,305,1,1,0.13,0.0665,0.061615834580626,0.071384165419374,0.911723012016944,0.892318736539842,0.156716417910448,0.142996478732344,0.144886388551933,TNF1
10000,201,305,1,1,0.14,0.0614,0.056694055064794,0.066105944935206,0.912793010297126,0.892318736539842,0.156716417910448,0.142996478732344,0.145031766230364,TNF1
10000,201,305,1,1,0.15,0.0661,0.0612295027992626,0.0709704972007374,0.913863372521404,0.892318736539842,0.156716417910448,0.142996478732344,0.145177143908793,TNF1
10000,201,305,1,1,0.16,0.0708,0.0657720192065524,0.0758279807934476,0.914934098875495,0.892318736539842,0.156716417910448,0.142996478732344,0.145322521587223,TNF1
10000,201,305,1,1,0.17,0.0646,0.0597812175228915,0.0694187824771086,0.916005189545242,0.892318736539842,0.156716417910448,0.142996478732344,0.145467899265653,TNF1
10000,201,305,1,1,0.18,0.0627,0.057947791797778,0.067452208202222,0.917076644716616,0.892318736539842,0.156716417910448,0.142996478732344,0.145613276944083,TNF1
10000,201,305,1,1,0.19,0.0585,0.0538994423648923,0.0631005576351078,0.918148464575711,0.892318736539842,0.156716417910448,0.142996478732344,0.145758654622513,TNF1
10000,201,305,1,1,0.2,0.0599,0.0552481808932229,0.0645518191067771,0.919220649308753,0.892318736539842,0.156716417910448,0.142996478732344,0.145904032300943,TNF1
10000,201,305,1,1,0.21,0.0588,0.0541883960455235,0.0634116039544765,0.92029319910209,0.892318736539842,0.156716417910448,0.142996478732344,0.146049409979373,TNF1
10000,201,305,1,1,0.22,0.0648,0.0599742798537537,0.0696257201462463,0.921366114142199,0.892318736539842,0.156716417910448,0.142996478732344,0.146194787657803,TNF1
10000,201,305,1,1,0.23,0.0602,0.0555372906279485,0.0648627093720515,0.922439394615684,0.892318736539842,0.156716417910448,0.142996478732344,0.146340165336233,TNF1
10000,201,305,1,1,0.24,0.0638,0.0590091007454725,0.0685908992545275,0.923513040709276,0.892318736539842,0.156716417910448,0.142996478732344,0.146485543014663,TNF1
10000,201,305,1,1,0.25,0.0617,0.0569833264296077,0.0664166735703923,0.924587052609833,0.892318736539842,0.156716417910448,0.142996478732344,0.146630920693093,TNF1
10000,201,305,1,1,0.26,0.0596,0.0549591041655498,0.0642408958344502,0.925661430504342,0.892318736539842,0.156716417910448,0.142996478732344,0.146776298371523,TNF1
10000,201,305,1,1,0.27,0.0602,0.0555372906279485,0.0648627093720515,0.926736174579914,0.892318736539842,0.156716417910448,0.142996478732344,0.146921676049953,TNF1
10000,201,305,1,1,0.28,0.0608,0.056115608198438,0.0654843918015621,0.92781128502379,0.892318736539842,0.156716417910448,0.142996478732344,0.147067053728383,TNF1
10000,201,305,1,1,0.29,0.0597,0.0550554593929629,0.0643445406070371,0.928886762023339,0.892318736539842,0.156716417910448,0.142996478732344,0.147212431406813,TNF1
10000,201,305,1,1,0.3,0.0617,0.0569833264296077,0.0664166735703923,0.929962605766056,0.892318736539842,0.156716417910448,0.142996478732344,0.147357809085243,TNF1
10000,201,305,1,1,0.31,0.0613,0.0565976383504368,0.0660023616495632,0.931038816439566,0.892318736539842,0.156716417910448,0.142996478732344,0.147503186763673,TNF1
10000,201,305,1,1,0.32,0.0594,0.0547664047995991,0.0640335952004009,0.93211539423162,0.892318736539842,0.156716417910448,0.142996478732344,0.147648564442103,TNF1
10000,201,305,1,1,0.33,0.0591,0.0544773836042756,0.0637226163957244,0.933192339330099,0.892318736539842,0.156716417910448,0.142996478732344,0.147793942120533,TNF1
10000,201,305,1,1,0.34,0.062,0.0572726294585505,0.0667273705414495,0.934269651923011,0.892318736539842,0.156716417910448,0.142996478732344,0.147939319798963,TNF1
10000,201,305,1,1,0.35,0.0574,0.0528402393691612,0.0619597606308388,0.935347332198493,0.892318736539842,0.156716417910448,0.142996478732344,0.148084697477393,TNF1
10000,201,305,1,1,0.36,0.0584,0.0538031320420106,0.0629968679579894,0.936425380344808,0.892318736539842,0.156716417910448,0.142996478732344,0.148230075155823,TNF1
10000,201,305,1,1,0.37,0.0537,0.0492810005905122,0.0581189994094878,0.937503796550353,0.892318736539842,0.156716417910448,0.142996478732344,0.148375452834253,TNF1
10000,201,305,1,1,0.38,0.0598,0.0551518183050713,0.0644481816949287,0.938582581003647,0.892318736539842,0.156716417910448,0.142996478732344,0.148520830512683,TNF1
10000,201,305,1,1,0.39,0.0611,0.0564048155811698,0.0657951844188302,0.939661733893343,0.892318736539842,0.156716417910448,0.142996478732344,0.148666208191113,TNF1
10000,201,305,1,1,0.4,0.06,0.055344547148801,0.064655452851199,0.94074125540822,0.892318736539842,0.156716417910448,0.142996478732344,0.148811585869543,TNF1
10000,201,305,1,1,0.41,0.0562,0.0516852830760685,0.0607147169239315,0.941821145737188,0.892318736539842,0.156716417910448,0.142996478732344,0.148956963547973,TNF1
10000,201,305,1,1,0.42,0.0593,0.0546700606785468,0.0639299393214532,0.942901405069284,0.892318736539842,0.156716417910448,0.142996478732344,0.149102341226403,TNF1
10000,201,305,1,1,0.43,0.0562,0.0516852830760685,0.0607147169239315,0.943982033593675,0.892318736539842,0.156716417910448,0.142996478732344,0.149247718904833,TNF1
10000,201,305,1,1,0.44,0.0548,0.0503385655510928,0.0592614344489073,0.945063031499658,0.892318736539842,0.156716417910448,0.142996478732344,0.149393096583263,TNF1
10000,201,305,1,1,0.45,0.0541,0.0496655105509702,0.0585344894490298,0.94614439897666,0.892318736539842,0.156716417910448,0.142996478732344,0.149538474261693,TNF1
10000,201,305,1,1,0.46,0.0502,0.0459195411944359,0.0544804588055641,0.947226136214236,0.892318736539842,0.156716417910448,0.142996478732344,0.149683851940123,TNF1
10000,201,305,1,1,0.47,0.0571,0.0525514470720242,0.0616485529279758,0.948308243402069,0.892318736539842,0.156716417910448,0.142996478732344,0.149829229618553,TNF1
10000,201,305,1,1,0.48,0.0541,0.0496655105509702,0.0585344894490298,0.949390720729978,0.892318736539842,0.156716417910448,0.142996478732344,0.149974607296983,TNF1
10000,201,305,1,1,0.49,0.0555,0.0510118242660904,0.0599881757339096,0.950473568387904,0.892318736539842,0.156716417910448,0.142996478732344,0.150119984975413,TNF1
10000,201,305,1,1,0.5,0.0553,0.0508194440592043,0.0597805559407957,0.951556786565924,0.892318736539842,0.156716417910448,0.142996478732344,0.150265362653843,TNF1
10000,201,305,1,1,0.51,0.0559,0.051396633597895,0.060403366402105,0.952640375454242,0.892318736539842,0.156716417910448,0.142996478732344,0.150410740332273,TNF1
10000,201,305,1,1,0.52,0.0548,0.0503385655510928,0.0592614344489073,0.953724335243194,0.892318736539842,0.156716417910448,0.142996478732344,0.150556118010703,TNF1
10000,201,305,1,1,0.53,0.0522,0.0478397038811817,0.0565602961188183,0.954808666123244,0.892318736539842,0.156716417910448,0.142996478732344,0.150701495689133,TNF1
10000,201,305,1,1,0.54,0.0497,0.0454397906653476,0.0539602093346524,0.95589336828499,0.892318736539842,0.156716417910448,0.142996478732344,0.150846873367563,TNF1
10000,201,305,1,1,0.55,0.052,0.0476476058177303,0.0563523941822697,0.956978441919156,0.892318736539842,0.156716417910448,0.142996478732344,0.150992251045993,TNF1
10000,201,305,1,1,0.56,0.0524,0.0480318197578942,0.0567681802421058,0.958063887216601,0.892318736539842,0.156716417910448,0.142996478732344,0.151137628724423,TNF1
10000,201,305,1,1,0.57,0.0527,0.0483200267624635,0.0570799732375365,0.959149704368312,0.892318736539842,0.156716417910448,0.142996478732344,0.151283006402853,TNF1
10000,201,305,1,1,0.58,0.0548,0.0503385655510928,0.0592614344489073,0.960235893565407,0.892318736539842,0.156716417910448,0.142996478732344,0.151428384081283,TNF1
10000,201,305,1,1,0.59,0.0508,0.0464953970245351,0.0551046029754649,0.961322454999138,0.892318736539842,0.156716417910448,0.142996478732344,0.151573761759713,TNF1
10000,201,305,1,1,0.6,0.0529,0.048512186753084,0.057287813246916,0.962409388860884,0.892318736539842,0.156716417910448,0.142996478732344,0.151719139438143,TNF1
10000,201,305,1,1,0.61,0.0555,0.0510118242660904,0.0599881757339096,0.963496695342157,0.892318736539842,0.156716417910448,0.142996478732344,0.151864517116573,TNF1
10000,201,305,1,1,0.62,0.051,0.0466873861342075,0.0553126138657925,0.964584374634601,0.892318736539842,0.156716417910448,0.142996478732344,0.152009894795003,TNF1
10000,201,305,1,1,0.63,0.0538,0.049377121691421,0.058222878308579,0.965672426929991,0.892318736539842,0.156716417910448,0.142996478732344,0.152155272473433,TNF1
10000,201,305,1,1,0.64,0.0522,0.0478397038811817,0.0565602961188183,0.966760852420233,0.892318736539842,0.156716417910448,0.142996478732344,0.152300650151863,TNF1
10000,201,305,1,1,0.65,0.0519,0.047551563496316,0.056248436503684,0.967849651297365,0.892318736539842,0.156716417910448,0.142996478732344,0.152446027830293,TNF1
10000,201,305,1,1,0.66,0.0563,0.0517815076058473,0.0608184923941527,0.968938823753556,0.892318736539842,0.156716417910448,0.142996478732344,0.152591405508723,TNF1
10000,201,305,1,1,0.67,0.0506,0.0463034264285188,0.0548965735714812,0.97002836998111,0.892318736539842,0.156716417910448,0.142996478732344,0.152736783187153,TNF1
10000,201,305,1,1,0.68,0.0501,0.0458235816206772,0.0543764183793228,0.971118290172458,0.892318736539842,0.156716417910448,0.142996478732344,0.152882160865583,TNF1
10000,201,305,1,1,0.69,0.0484,0.0441930022655904,0.0526069977344096,0.972208584520168,0.892318736539842,0.156716417910448,0.142996478732344,0.153027538544013,TNF1
10000,201,305,1,1,0.7,0.0517,0.0473594923352948,0.0560405076647052,0.973299253216937,0.892318736539842,0.156716417910448,0.142996478732344,0.153172916222443,TNF1
10000,201,305,1,1,0.71,0.0493,0.0450560761050221,0.0535439238949779,0.974390296455596,0.892318736539842,0.156716417910448,0.142996478732344,0.153318293900873,TNF1
10000,201,305,1,1,0.72,0.0526,0.0482239533515879,0.0569760466484121,0.975481714429107,0.892318736539842,0.156716417910448,0.142996478732344,0.153463671579303,TNF1
10000,201,305,1,1,0.73,0.0516,0.0472634635203377,0.0559365364796623,0.976573507330567,0.892318736539842,0.156716417910448,0.142996478732344,0.153609049257733,TNF1
10000,201,305,1,1,0.74,0.0495,0.0452479237810448,0.0537520762189553,0.977665675353202,0.892318736539842,0.156716417910448,0.142996478732344,0.153754426936163,TNF1
10000,201,305,1,1,0.75,0.051,0.0466873861342075,0.0553126138657925,0.978758218690374,0.892318736539842,0.156716417910448,0.142996478732344,0.153899804614593,TNF1
10000,201,305,1,1,0.76,0.0535,0.049088771234506,0.057911228765494,0.979851137535578,0.892318736539842,0.156716417910448,0.142996478732344,0.154045182293023,TNF1
10000,201,305,1,1,0.77,0.0495,0.0452479237810448,0.0537520762189553,0.980944432082439,0.892318736539842,0.156716417910448,0.142996478732344,0.154190559971453,TNF1
10000,201,305,1,1,0.78,0.0483,0.0440971297704582,0.0525028702295418,0.982038102524719,0.892318736539842,0.156716417910448,0.142996478732344,0.154335937649883,TNF1
10000,201,305,1,1,0.79,0.0551,0.0506270802693813,0.0595729197306187,0.983132149056309,0.892318736539842,0.156716417910448,0.142996478732344,0.154481315328313,TNF1
10000,201,305,1,1,0.8,0.0496,0.0453438548290495,0.0538561451709505,0.984226571871238,0.892318736539842,0.156716417910448,0.142996478732344,0.154626693006743,TNF1
10000,201,305,1,1,0.81,0.0486,0.0443847621155377,0.0528152378844623,0.985321371163664,0.892318736539842,0.156716417910448,0.142996478732344,0.154772070685173,TNF1
10000,201,305,1,1,0.82,0.0503,0.0460155054753558,0.0545844945246442,0.986416547127882,0.892318736539842,0.156716417910448,0.142996478732344,0.154917448363603,TNF1
10000,201,305,1,1,0.83,0.0492,0.0449601595047309,0.0534398404952691,0.98751209995832,0.892318736539842,0.156716417910448,0.142996478732344,0.155062826042033,TNF1
10000,201,305,1,1,0.84,0.0519,0.047551563496316,0.056248436503684,0.988608029849538,0.892318736539842,0.156716417910448,0.142996478732344,0.155208203720463,TNF1
10000,201,305,1,1,0.85,0.0534,0.0489926630020571,0.057807336997943,0.989704336996232,0.892318736539842,0.156716417910448,0.142996478732344,0.155353581398893,TNF1
10000,201,305,1,1,0.86,0.0466,0.0424680704057978,0.0507319295942022,0.990801021593231,0.892318736539842,0.156716417910448,0.142996478732344,0.155498959077323,TNF1
10000,201,305,1,1,0.87,0.0493,0.0450560761050221,0.0535439238949779,0.991898083835499,0.892318736539842,0.156716417910448,0.142996478732344,0.155644336755753,TNF1
10000,201,305,1,1,0.88,0.0511,0.0467833875994447,0.0554166124005553,0.992995523918134,0.892318736539842,0.156716417910448,0.142996478732344,0.155789714434183,TNF1
10000,201,305,1,1,0.89,0.0502,0.0459195411944359,0.0544804588055641,0.994093342036367,0.892318736539842,0.156716417910448,0.142996478732344,0.155935092112613,TNF1
10000,201,305,1,1,0.9,0.0517,0.0473594923352948,0.0560405076647052,0.995191538385566,0.892318736539842,0.156716417910448,0.142996478732344,0.156080469791043,TNF1
10000,201,305,1,1,0.91,0.0488,0.0445765416817852,0.0530234583182148,0.996290113161232,0.892318736539842,0.156716417910448,0.142996478732344,0.156225847469473,TNF1
10000,201,305,1,1,0.92,0.0499,0.045631676648129,0.054168323351871,0.997389066559001,0.892318736539842,0.156716417910448,0.142996478732344,0.156371225147903,TNF1
10000,201,305,1,1,0.93,0.0459,0.0417977164896379,0.0500022835103622,0.998488398774644,0.892318736539842,0.156716417910448,0.142996478732344,0.156516602826333,TNF1
10000,201,305,1,1,0.94,0.0485,0.0442888797187993,0.0527111202812007,0.999588110004067,0.892318736539842,0.156716417910448,0.142996478732344,0.156661980504763,TNF1
10000,201,305,1,1,0.95,0.0458,0.0417019729027535,0.0498980270972465,1.00068820044331,0.892318736539842,0.156716417910448,0.142996478732344,0.156807358183193,TNF1
10000,201,305,1,1,0.96,0.0504,0.0461114744501479,0.0546885255498521,1.00178867028855,0.892318736539842,0.156716417910448,0.142996478732344,0.156952735861622,TNF1
10000,201,305,1,1,0.97,0.0484,0.0441930022655904,0.0526069977344096,1.0028895197361,0.892318736539842,0.156716417910448,0.142996478732344,0.157098113540052,TNF1
10000,201,305,1,1,0.98,0.0503,0.0460155054753558,0.0545844945246442,1.00399074898241,0.892318736539842,0.156716417910448,0.142996478732344,0.157243491218482,TNF1
10000,201,305,1,1,0.99,0.0485,0.0442888797187993,0.0527111202812007,1.00509235822406,0.892318736539842,0.156716417910448,0.142996478732344,0.157388868896912,TNF1
10000,201,305,1,1,1,0.0487,0.0444806494413328,0.0529193505586672,1.00619434765776,0.892318736539842,0.156716417910448,0.142996478732344,0.157534246575342,TNF1
10000,199,305,1,1,0,0.6999,0.690915924869741,0.708884075130259,0.465798020400879,0.840193704600484,0.128140703517588,0.064073725911502,0.064073725911502,TNF2
10000,199,305,1,1,0.01,0.6909,0.681841016273273,0.699958983726727,0.466673414602647,0.840193704600484,0.128140703517588,0.064073725911502,0.0641864133099213,TNF2
10000,199,305,1,1,0.02,0.6878,0.678716150804047,0.696883849195953,0.46754901965362,0.840193704600484,0.128140703517588,0.064073725911502,0.0642991007083405,TNF2
10000,199,305,1,1,0.03,0.6923,0.683252402028127,0.701347597971873,0.468424835629986,0.840193704600484,0.128140703517588,0.064073725911502,0.0644117881067597,TNF2
10000,199,305,1,1,0.04,0.6927,0.683655673029337,0.701744326970663,0.469300862607968,0.840193704600484,0.128140703517588,0.064073725911502,0.0645244755051789,TNF2
10000,199,305,1,1,0.05,0.6805,0.67135945951304,0.68964054048696,0.470177100663827,0.840193704600484,0.128140703517588,0.064073725911502,0.0646371629035982,TNF2
10000,199,305,1,1,0.06,0.6759,0.666725062397219,0.685074937602781,0.471053549873861,0.840193704600484,0.128140703517588,0.064073725911502,0.0647498503020174,TNF2
10000,199,305,1,1,0.07,0.6745,0.66531479498865,0.68368520501135,0.471930210314405,0.840193704600484,0.128140703517588,0.064073725911502,0.0648625377004366,TNF2
10000,199,305,1,1,0.08,0.6802,0.671057185168488,0.689342814831512,0.47280708206183,0.840193704600484,0.128140703517588,0.064073725911502,0.0649752250988559,TNF2
10000,199,305,1,1,0.09,0.672,0.662796692369852,0.681203307630148,0.473684165192543,0.840193704600484,0.128140703517588,0.064073725911502,0.0650879124972751,TNF2
10000,199,305,1,1,0.1,0.6726,0.663401009938315,0.681798990061685,0.474561459782991,0.840193704600484,0.128140703517588,0.064073725911502,0.0652005998956943,TNF2
10000,199,305,1,1,0.11,0.6665,0.657257906100406,0.675742093899594,0.475438965909654,0.840193704600484,0.128140703517588,0.064073725911502,0.0653132872941135,TNF2
10000,199,305,1,1,0.12,0.6696,0.660379592348545,0.678820407651455,0.476316683649051,0.840193704600484,0.128140703517588,0.064073725911502,0.0654259746925328,TNF2
10000,199,305,1,1,0.13,0.6728,0.66360245292063,0.68199754707937,0.477194613077739,0.840193704600484,0.128140703517588,0.064073725911502,0.065538662090952,TNF2
10000,199,305,1,1,0.14,0.6636,0.654338025885839,0.672861974114161,0.478072754272309,0.840193704600484,0.128140703517588,0.064073725911502,0.0656513494893712,TNF2
10000,199,305,1,1,0.15,0.668,0.658768343133542,0.677231656866458,0.478951107309391,0.840193704600484,0.128140703517588,0.064073725911502,0.0657640368877904,TNF2
10000,199,305,1,1,0.16,0.6672,0.657962763600077,0.676437236399923,0.479829672265653,0.840193704600484,0.128140703517588,0.064073725911502,0.0658767242862097,TNF2
10000,199,305,1,1,0.17,0.6593,0.650009266873288,0.668590733126712,0.480708449217795,0.840193704600484,0.128140703517588,0.064073725911502,0.0659894116846289,TNF2
10000,199,305,1,1,0.18,0.6566,0.647291644415236,0.665908355584764,0.481587438242561,0.840193704600484,0.128140703517588,0.064073725911502,0.0661020990830481,TNF2
10000,199,305,1,1,0.19,0.6577,0.648398783547723,0.667001216452277,0.482466639416727,0.840193704600484,0.128140703517588,0.064073725911502,0.0662147864814673,TNF2
10000,199,305,1,1,0.2,0.6595,0.650210585566926,0.668789414433074,0.483346052817107,0.840193704600484,0.128140703517588,0.064073725911502,0.0663274738798866,TNF2
10000,199,305,1,1,0.21,0.6481,0.638738336539066,0.657461663460934,0.484225678520554,0.840193704600484,0.128140703517588,0.064073725911502,0.0664401612783058,TNF2
10000,199,305,1,1,0.22,0.6394,0.62998714090086,0.64881285909914,0.485105516603956,0.840193704600484,0.128140703517588,0.064073725911502,0.066552848676725,TNF2
10000,199,305,1,1,0.23,0.6494,0.6400462775592,0.6587537224408,0.485985567144239,0.840193704600484,0.128140703517588,0.064073725911502,0.0666655360751442,TNF2
10000,199,305,1,1,0.24,0.6495,0.640146891562148,0.658853108437852,0.486865830218367,0.840193704600484,0.128140703517588,0.064073725911502,0.0667782234735635,TNF2
10000,199,305,1,1,0.25,0.6361,0.626668601262156,0.645531398737844,0.487746305903339,0.840193704600484,0.128140703517588,0.064073725911502,0.0668909108719827,TNF2
10000,199,305,1,1,0.26,0.6438,0.634412610792746,0.653187389207254,0.488626994276193,0.840193704600484,0.128140703517588,0.064073725911502,0.0670035982704019,TNF2
10000,199,305,1,1,0.27,0.6416,0.632199768291333,0.651000231708667,0.489507895414003,0.840193704600484,0.128140703517588,0.064073725911502,0.0671162856688212,TNF2
10000,199,305,1,1,0.28,0.6394,0.62998714090086,0.64881285909914,0.490389009393883,0.840193704600484,0.128140703517588,0.064073725911502,0.0672289730672404,TNF2
10000,199,305,1,1,0.29,0.6351,0.625663077929572,0.644536922070428,0.49127033629298,0.840193704600484,0.128140703517588,0.064073725911502,0.0673416604656596,TNF2
10000,199,305,1,1,0.3,0.632,0.622546234420457,0.641453765579543,0.492151876188482,0.840193704600484,0.128140703517588,0.064073725911502,0.0674543478640788,TNF2
10000,199,305,1,1,0.31,0.6436,0.634211434380629,0.652988565619371,0.493033629157612,0.840193704600484,0.128140703517588,0.064073725911502,0.0675670352624981,TNF2
10000,199,305,1,1,0.32,0.6406,0.63119400195416,0.65000599804584,0.493915595277631,0.840193704600484,0.128140703517588,0.064073725911502,0.0676797226609173,TNF2
10000,199,305,1,1,0.33,0.6277,0.618223565545685,0.637176434454315,0.494797774625838,0.840193704600484,0.128140703517588,0.064073725911502,0.0677924100593365,TNF2
10000,199,305,1,1,0.34,0.6347,0.62526088090061,0.64413911909939,0.495680167279569,0.840193704600484,0.128140703517588,0.064073725911502,0.0679050974577557,TNF2
10000,199,305,1,1,0.35,0.6265,0.617017382749325,0.635982617250675,0.496562773316197,0.840193704600484,0.128140703517588,0.064073725911502,0.068017784856175,TNF2
10000,199,305,1,1,0.36,0.6288,0.619329287982465,0.638270712017535,0.497445592813133,0.840193704600484,0.128140703517588,0.064073725911502,0.0681304722545942,TNF2
10000,199,305,1,1,0.37,0.6144,0.604858503468488,0.623941496531512,0.498328625847825,0.840193704600484,0.128140703517588,0.064073725911502,0.0682431596530134,TNF2
10000,199,305,1,1,0.38,0.6226,0.613097718615863,0.632102281384137,0.499211872497758,0.840193704600484,0.128140703517588,0.064073725911502,0.0683558470514326,TNF2
10000,199,305,1,1,0.39,0.6203,0.610786428866211,0.629813571133789,0.500095332840456,0.840193704600484,0.128140703517588,0.064073725911502,0.0684685344498519,TNF2
10000,199,305,1,1,0.4,0.6161,0.606566397481003,0.625633602518997,0.500979006953479,0.840193704600484,0.128140703517588,0.064073725911502,0.0685812218482711,TNF2
10000,199,305,1,1,0.41,0.6136,0.604054831156794,0.623145168843207,0.501862894914426,0.840193704600484,0.128140703517588,0.064073725911502,0.0686939092466903,TNF2
10000,199,305,1,1,0.42,0.6149,0.605360812473523,0.624439187526477,0.502746996800932,0.840193704600484,0.128140703517588,0.064073725911502,0.0688065966451095,TNF2
10000,199,305,1,1,0.43,0.6165,0.606968272778363,0.626031727221637,0.503631312690671,0.840193704600484,0.128140703517588,0.064073725911502,0.0689192840435288,TNF2
10000,199,305,1,1,0.44,0.6243,0.614806209461927,0.633793790538073,0.504515842661353,0.840193704600484,0.128140703517588,0.064073725911502,0.069031971441948,TNF2
10000,199,305,1,1,0.45,0.6062,0.596622146221442,0.615777853778558,0.505400586790728,0.840193704600484,0.128140703517588,0.064073725911502,0.0691446588403672,TNF2
10000,199,305,1,1,0.46,0.6059,0.596320869842739,0.615479130157261,0.50628554515658,0.840193704600484,0.128140703517588,0.064073725911502,0.0692573462387865,TNF2
10000,199,305,1,1,0.47,0.6081,0.598530317831603,0.617669682168398,0.507170717836736,0.840193704600484,0.128140703517588,0.064073725911502,0.0693700336372057,TNF2
10000,199,305,1,1,0.48,0.5948,0.585176288861837,0.604423711138163,0.508056104909055,0.840193704600484,0.128140703517588,0.064073725911502,0.0694827210356249,TNF2
10000,199,305,1,1,0.49,0.6064,0.596822999241335,0.615977000758666,0.508941706451437,0.840193704600484,0.128140703517588,0.064073725911502,0.0695954084340441,TNF2
10000,199,305,1,1,0.5,0.5946,0.584975532612349,0.604224467387651,0.509827522541819,0.840193704600484,0.128140703517588,0.064073725911502,0.0697080958324634,TNF2
10000,199,305,1,1,0.51,0.5977,0.588087440858287,0.607312559141713,0.510713553258177,0.840193704600484,0.128140703517588,0.064073725911502,0.0698207832308826,TNF2
10000,199,305,1,1,0.52,0.5985,0.588890578733156,0.608109421266844,0.511599798678522,0.840193704600484,0.128140703517588,0.064073725911502,0.0699334706293018,TNF2
10000,199,305,1,1,0.53,0.602,0.592404620358247,0.611595379641753,0.512486258880905,0.840193704600484,0.128140703517588,0.064073725911502,0.070046158027721,TNF2
10000,199,305,1,1,0.54,0.5929,0.583269171328802,0.602530828671198,0.513372933943415,0.840193704600484,0.128140703517588,0.064073725911502,0.0701588454261403,TNF2
10000,199,305,1,1,0.55,0.5891,0.579455383517557,0.598744616482443,0.514259823944178,0.840193704600484,0.128140703517588,0.064073725911502,0.0702715328245595,TNF2
10000,199,305,1,1,0.56,0.5835,0.573836147032021,0.593163852967979,0.515146928961357,0.840193704600484,0.128140703517588,0.064073725911502,0.0703842202229787,TNF2
10000,199,305,1,1,0.57,0.5936,0.583971776202803,0.603228223797197,0.516034249073154,0.840193704600484,0.128140703517588,0.064073725911502,0.0704969076213979,TNF2
10000,199,305,1,1,0.58,0.5936,0.583971776202803,0.603228223797197,0.51692178435781,0.840193704600484,0.128140703517588,0.064073725911502,0.0706095950198171,TNF2
10000,199,305,1,1,0.59,0.5822,0.572531865155794,0.591868134844206,0.517809534893602,0.840193704600484,0.128140703517588,0.064073725911502,0.0707222824182364,TNF2
10000,199,305,1,1,0.6,0.5812,0.571528618388203,0.590871381611797,0.518697500758845,0.840193704600484,0.128140703517588,0.064073725911502,0.0708349698166556,TNF2
10000,199,305,1,1,0.61,0.5707,0.560996983695577,0.580403016304423,0.519585682031894,0.840193704600484,0.128140703517588,0.064073725911502,0.0709476572150748,TNF2
10000,199,305,1,1,0.62,0.5812,0.571528618388203,0.590871381611797,0.520474078791141,0.840193704600484,0.128140703517588,0.064073725911502,0.0710603446134941,TNF2
10000,199,305,1,1,0.63,0.5725,0.562802089189931,0.582197910810069,0.521362691115015,0.840193704600484,0.128140703517588,0.064073725911502,0.0711730320119133,TNF2
10000,199,305,1,1,0.64,0.576,0.56631239214567,0.58568760785433,0.522251519081984,0.840193704600484,0.128140703517588,0.064073725911502,0.0712857194103325,TNF2
10000,199,305,1,1,0.65,0.5641,0.554379382259533,0.573820617740468,0.523140562770554,0.840193704600484,0.128140703517588,0.064073725911502,0.0713984068087517,TNF2
10000,199,305,1,1,0.66,0.5638,0.554078623864013,0.573521376135987,0.52402982225927,0.840193704600484,0.128140703517588,0.064073725911502,0.071511094207171,TNF2
10000,199,305,1,1,0.67,0.5724,0.562701802112839,0.582098197887161,0.524919297626713,0.840193704600484,0.128140703517588,0.064073725911502,0.0716237816055902,TNF2
10000,199,305,1,1,0.68,0.573,0.563303530647472,0.582696469352528,0.525808988951503,0.840193704600484,0.128140703517588,0.064073725911502,0.0717364690040094,TNF2
10000,199,305,1,1,0.69,0.569,0.559292282069079,0.578707717930921,0.5266988963123,0.840193704600484,0.128140703517588,0.064073725911502,0.0718491564024286,TNF2
10000,199,305,1,1,0.7,0.5683,0.558590380011544,0.578009619988456,0.527589019787801,0.840193704600484,0.128140703517588,0.064073725911502,0.0719618438008479,TNF2
10000,199,305,1,1,0.71,0.5681,0.558389840196696,0.577810159803304,0.528479359456739,0.840193704600484,0.128140703517588,0.064073725911502,0.0720745311992671,TNF2
10000,199,305,1,1,0.72,0.5634,0.553677618295513,0.573122381704487,0.529369915397889,0.840193704600484,0.128140703517588,0.064073725911502,0.0721872185976863,TNF2
10000,199,305,1,1,0.73,0.5541,0.544356046743906,0.563843953256094,0.530260687690062,0.840193704600484,0.128140703517588,0.064073725911502,0.0722999059961055,TNF2
10000,199,305,1,1,0.74,0.5549,0.54515776637141,0.56464223362859,0.531151676412107,0.840193704600484,0.128140703517588,0.064073725911502,0.0724125933945248,TNF2
10000,199,305,1,1,0.75,0.5579,0.548164442664823,0.567635557335177,0.532042881642913,0.840193704600484,0.128140703517588,0.064073725911502,0.072525280792944,TNF2
10000,199,305,1,1,0.76,0.5597,0.549968621228114,0.569431378771887,0.532934303461407,0.840193704600484,0.128140703517588,0.064073725911502,0.0726379681913632,TNF2
10000,199,305,1,1,0.77,0.5548,0.545057550020847,0.564542449979153,0.533825941946553,0.840193704600484,0.128140703517588,0.064073725911502,0.0727506555897825,TNF2
10000,199,305,1,1,0.78,0.5429,0.533134647781819,0.552665352218181,0.534717797177355,0.840193704600484,0.128140703517588,0.064073725911502,0.0728633429882017,TNF2
10000,199,305,1,1,0.79,0.5408,0.531031190022785,0.550568809977214,0.535609869232853,0.840193704600484,0.128140703517588,0.064073725911502,0.0729760303866209,TNF2
10000,199,305,1,1,0.8,0.543,0.533234816796245,0.552765183203755,0.536502158192129,0.840193704600484,0.128140703517588,0.064073725911502,0.0730887177850401,TNF2
10000,199,305,1,1,0.81,0.5373,0.527525815093917,0.547074184906083,0.5373946641343,0.840193704600484,0.128140703517588,0.064073725911502,0.0732014051834594,TNF2
10000,199,305,1,1,0.82,0.5416,0.531832486661923,0.551367513338077,0.538287387138525,0.840193704600484,0.128140703517588,0.064073725911502,0.0733140925818786,TNF2
10000,199,305,1,1,0.83,0.5425,0.532733975688202,0.552266024311798,0.539180327283998,0.840193704600484,0.128140703517588,0.064073725911502,0.0734267799802978,TNF2
10000,199,305,1,1,0.84,0.5371,0.5273255225907,0.5468744774093,0.540073484649953,0.840193704600484,0.128140703517588,0.064073725911502,0.073539467378717,TNF2
10000,199,305,1,1,0.85,0.5319,0.522118472137243,0.541681527862757,0.540966859315663,0.840193704600484,0.128140703517588,0.064073725911502,0.0736521547771363,TNF2
10000,199,305,1,1,0.86,0.5337,0.523920791859097,0.543479208140903,0.54186045136044,0.840193704600484,0.128140703517588,0.064073725911502,0.0737648421755555,TNF2
10000,199,305,1,1,0.87,0.5371,0.5273255225907,0.5468744774093,0.542754260863633,0.840193704600484,0.128140703517588,0.064073725911502,0.0738775295739747,TNF2
10000,199,305,1,1,0.88,0.5355,0.525723239479294,0.545276760520706,0.54364828790463,0.840193704600484,0.128140703517588,0.064073725911502,0.073990216972394,TNF2
10000,199,305,1,1,0.89,0.5306,0.520816876272748,0.540383123727252,0.544542532562859,0.840193704600484,0.128140703517588,0.064073725911502,0.0741029043708132,TNF2
10000,199,305,1,1,0.9,0.5248,0.515010567643961,0.53458943235604,0.545436994917786,0.840193704600484,0.128140703517588,0.064073725911502,0.0742155917692324,TNF2
10000,199,305,1,1,0.91,0.5268,0.5170125933755,0.5365874066245,0.546331675048914,0.840193704600484,0.128140703517588,0.064073725911502,0.0743282791676516,TNF2
10000,199,305,1,1,0.92,0.522,0.51220799603991,0.53179200396009,0.547226573035787,0.840193704600484,0.128140703517588,0.064073725911502,0.0744409665660708,TNF2
10000,199,305,1,1,0.93,0.5208,0.511006988306045,0.530593011693955,0.548121688957987,0.840193704600484,0.128140703517588,0.064073725911502,0.0745536539644901,TNF2
10000,199,305,1,1,0.94,0.5148,0.505002798375301,0.5245972016247,0.549017022895135,0.840193704600484,0.128140703517588,0.064073725911502,0.0746663413629093,TNF2
10000,199,305,1,1,0.95,0.5112,0.501400962902773,0.520999037097227,0.54991257492689,0.840193704600484,0.128140703517588,0.064073725911502,0.0747790287613285,TNF2
10000,199,305,1,1,0.96,0.5116,0.501801141728568,0.521398858271432,0.55080834513295,0.840193704600484,0.128140703517588,0.064073725911502,0.0748917161597477,TNF2
10000,199,305,1,1,0.97,0.5085,0.498699920013395,0.518300079986605,0.551704333593053,0.840193704600484,0.128140703517588,0.064073725911502,0.075004403558167,TNF2
10000,199,305,1,1,0.98,0.5062,0.496399257162832,0.516000742837168,0.552600540386974,0.840193704600484,0.128140703517588,0.064073725911502,0.0751170909565862,TNF2
10000,199,305,1,1,0.99,0.5082,0.498399821788698,0.518000178211302,0.553496965594528,0.840193704600484,0.128140703517588,0.064073725911502,0.0752297783550054,TNF2
10000,199,305,1,1,1,0.5084,0.498599886879605,0.518200113120395,0.55439360929557,0.840193704600484,0.128140703517588,0.064073725911502,0.0753424657534247,TNF2
