sim,sample_size,sensitivity,specificity,misrate,p,p_min,p_max,overall_or,or_t,theta0,theta1_true,theta1,virus
10000,107,0.975,0.975,0,0.0876,0.0820579929741843,0.0931420070258157,0.869303797468354,0.8375,0.373831775700935,0.333333333333334,0.341666666666667,CMV
10000,107,0.975,0.975,0.01,0.0875,0.0819608536002849,0.093039146399715,0.870791578184814,0.8375,0.373831775700935,0.333333333333334,0.342051401869159,CMV
10000,107,0.975,0.975,0.02,0.085,0.0795330841311586,0.0904669158688415,0.872281099877771,0.8375,0.373831775700935,0.333333333333334,0.342436137071652,CMV
10000,107,0.975,0.975,0.03,0.0821,0.0767186449830657,0.0874813550169344,0.873772365604905,0.8375,0.373831775700935,0.333333333333334,0.342820872274144,CMV
10000,107,0.975,0.975,0.04,0.0856,0.0801156221058301,0.0910843778941699,0.875265378431066,0.8375,0.373831775700935,0.333333333333334,0.343205607476636,CMV
10000,107,0.975,0.975,0.05,0.086,0.0805040255621796,0.0914959744378204,0.876760141428283,0.8375,0.373831775700935,0.333333333333334,0.343590342679128,CMV
10000,107,0.975,0.975,0.06,0.076,0.0708052438921654,0.0811947561078346,0.878256657675797,0.8375,0.373831775700935,0.333333333333334,0.34397507788162,CMV
10000,107,0.975,0.975,0.07,0.0776,0.0723553937471562,0.0828446062528438,0.879754930260073,0.8375,0.373831775700935,0.333333333333334,0.344359813084113,CMV
10000,107,0.975,0.975,0.08,0.077,0.0717740097669477,0.0822259902330523,0.881254962274825,0.8375,0.373831775700935,0.333333333333334,0.344744548286605,CMV
10000,107,0.975,0.975,0.09,0.0796,0.0742940003194529,0.0849059996805472,0.882756756821041,0.8375,0.373831775700935,0.333333333333334,0.345129283489097,CMV
10000,107,0.975,0.975,0.1,0.0796,0.0742940003194529,0.0849059996805472,0.884260317006997,0.8375,0.373831775700935,0.333333333333334,0.345514018691589,CMV
10000,107,0.975,0.975,0.11,0.0806,0.0752636764800769,0.0859363235199231,0.885765645948282,0.8375,0.373831775700935,0.333333333333334,0.345898753894081,CMV
10000,107,0.975,0.975,0.12,0.0795,0.0741970462259672,0.0848029537740328,0.887272746767822,0.8375,0.373831775700935,0.333333333333334,0.346283489096574,CMV
10000,107,0.975,0.975,0.13,0.0803,0.074972747933716,0.085627252066284,0.888781622595896,0.8375,0.373831775700935,0.333333333333334,0.346668224299066,CMV
10000,107,0.975,0.975,0.14,0.0748,0.0696430729060366,0.0799569270939634,0.890292276570164,0.8375,0.373831775700935,0.333333333333334,0.347052959501558,CMV
10000,107,0.975,0.975,0.15,0.0748,0.0696430729060366,0.0799569270939634,0.891804711835682,0.8375,0.373831775700935,0.333333333333334,0.34743769470405,CMV
10000,107,0.975,0.975,0.16,0.0751,0.069933579643584,0.080266420356416,0.893318931544932,0.8375,0.373831775700935,0.333333333333334,0.347822429906543,CMV
10000,107,0.975,0.975,0.17,0.0727,0.0676102117364696,0.0777897882635304,0.894834938857835,0.8375,0.373831775700935,0.333333333333334,0.348207165109035,CMV
10000,107,0.975,0.975,0.18,0.0688,0.0638382133827859,0.0737617866172141,0.896352736941779,0.8375,0.373831775700935,0.333333333333334,0.348591900311527,CMV
10000,107,0.975,0.975,0.19,0.0639,0.0591056036690448,0.0686943963309552,0.897872328971641,0.8375,0.373831775700935,0.333333333333334,0.348976635514019,CMV
10000,107,0.975,0.975,0.2,0.0656,0.0607466600180062,0.0704533399819939,0.899393718129803,0.8375,0.373831775700935,0.333333333333334,0.349361370716511,CMV
10000,107,0.975,0.975,0.21,0.0721,0.0670296189309404,0.0771703810690596,0.900916907606183,0.8375,0.373831775700935,0.333333333333334,0.349746105919004,CMV
10000,107,0.975,0.975,0.22,0.0694,0.0644182303791651,0.0743817696208349,0.902441900598251,0.8375,0.373831775700935,0.333333333333334,0.350130841121496,CMV
10000,107,0.975,0.975,0.23,0.0655,0.0606501011223051,0.0703498988776949,0.903968700311054,0.8375,0.373831775700935,0.333333333333334,0.350515576323988,CMV
10000,107,0.975,0.975,0.24,0.0694,0.0644182303791651,0.0743817696208349,0.905497309957238,0.8375,0.373831775700935,0.333333333333334,0.35090031152648,CMV
10000,107,0.975,0.975,0.25,0.0634,0.0586231226971392,0.0681768773028608,0.907027732757068,0.8375,0.373831775700935,0.333333333333334,0.351285046728972,CMV
10000,107,0.975,0.975,0.26,0.0672,0.062292036933946,0.072107963066054,0.908559971938457,0.8375,0.373831775700935,0.333333333333334,0.351669781931465,CMV
10000,107,0.975,0.975,0.27,0.0666,0.061712425463965,0.071487574536035,0.910094030736981,0.8375,0.373831775700935,0.333333333333334,0.352054517133957,CMV
10000,107,0.975,0.975,0.28,0.0596,0.0549591041655498,0.0642408958344502,0.911629912395907,0.8375,0.373831775700935,0.333333333333334,0.352439252336449,CMV
10000,107,0.975,0.975,0.29,0.0621,0.057369070800863,0.066830929199137,0.913167620166215,0.8375,0.373831775700935,0.333333333333334,0.352823987538941,CMV
10000,107,0.975,0.975,0.3,0.0584,0.0538031320420106,0.0629968679579894,0.914707157306618,0.8375,0.373831775700935,0.333333333333334,0.353208722741433,CMV
10000,107,0.975,0.975,0.31,0.0625,0.0577548709568535,0.0672451290431465,0.916248527083589,0.8375,0.373831775700935,0.333333333333334,0.353593457943926,CMV
10000,107,0.975,0.975,0.32,0.0615,0.0567904753214838,0.0662095246785162,0.917791732771383,0.8375,0.373831775700935,0.333333333333334,0.353978193146418,CMV
10000,107,0.975,0.975,0.33,0.0587,0.0540920743757277,0.0633079256242723,0.919336777652057,0.8375,0.373831775700935,0.333333333333334,0.35436292834891,CMV
10000,107,0.975,0.975,0.34,0.0557,0.0512042208065648,0.0601957791934352,0.920883665015498,0.8375,0.373831775700935,0.333333333333334,0.354747663551402,CMV
10000,107,0.975,0.975,0.35,0.0611,0.0564048155811698,0.0657951844188302,0.922432398159442,0.8375,0.373831775700935,0.333333333333334,0.355132398753895,CMV
10000,107,0.975,0.975,0.36,0.06,0.055344547148801,0.064655452851199,0.923982980389503,0.8375,0.373831775700935,0.333333333333334,0.355517133956387,CMV
10000,107,0.975,0.975,0.37,0.0544,0.0499539375122817,0.0588460624877183,0.925535415019189,0.8375,0.373831775700935,0.333333333333334,0.355901869158879,CMV
10000,107,0.975,0.975,0.38,0.0543,0.0498577909767178,0.0587422090232822,0.927089705369933,0.8375,0.373831775700935,0.333333333333334,0.356286604361371,CMV
10000,107,0.975,0.975,0.39,0.0522,0.0478397038811817,0.0565602961188183,0.928645854771111,0.8375,0.373831775700935,0.333333333333334,0.356671339563863,CMV
10000,107,0.975,0.975,0.4,0.0515,0.0471674392322817,0.0558325607677183,0.93020386656007,0.8375,0.373831775700935,0.333333333333334,0.357056074766356,CMV
10000,107,0.975,0.975,0.41,0.0563,0.0517815076058473,0.0608184923941527,0.931763744082148,0.8375,0.373831775700935,0.333333333333334,0.357440809968848,CMV
10000,107,0.975,0.975,0.42,0.052,0.0476476058177303,0.0563523941822697,0.933325490690702,0.8375,0.373831775700935,0.333333333333334,0.35782554517134,CMV
10000,107,0.975,0.975,0.43,0.0519,0.047551563496316,0.056248436503684,0.93488910974713,0.8375,0.373831775700935,0.333333333333334,0.358210280373832,CMV
10000,107,0.975,0.975,0.44,0.0568,0.0522626900814769,0.0613373099185232,0.936454604620892,0.8375,0.373831775700935,0.333333333333334,0.358595015576324,CMV
10000,107,0.975,0.975,0.45,0.0547,0.0502424022785904,0.0591575977214096,0.93802197868954,0.8375,0.373831775700935,0.333333333333334,0.358979750778817,CMV
10000,107,0.975,0.975,0.46,0.0492,0.0449601595047309,0.0534398404952691,0.939591235338741,0.8375,0.373831775700935,0.333333333333334,0.359364485981309,CMV
10000,107,0.975,0.975,0.47,0.0513,0.0469754042868271,0.0556245957131729,0.941162377962296,0.8375,0.373831775700935,0.333333333333334,0.359749221183801,CMV
10000,107,0.975,0.975,0.48,0.0527,0.0483200267624635,0.0570799732375365,0.942735409962171,0.8375,0.373831775700935,0.333333333333334,0.360133956386293,CMV
10000,107,0.975,0.975,0.49,0.0503,0.0460155054753558,0.0545844945246442,0.944310334748518,0.8375,0.373831775700935,0.333333333333334,0.360518691588785,CMV
10000,107,0.975,0.975,0.5,0.0514,0.0470714194836002,0.0557285805163998,0.945887155739702,0.8375,0.373831775700935,0.333333333333334,0.360903426791278,CMV
10000,107,0.975,0.975,0.51,0.0456,0.0415105018383814,0.0496894981616186,0.947465876362324,0.8375,0.373831775700935,0.333333333333334,0.36128816199377,CMV
10000,107,0.975,0.975,0.52,0.0484,0.0441930022655904,0.0526069977344096,0.949046500051244,0.8375,0.373831775700935,0.333333333333334,0.361672897196262,CMV
10000,107,0.975,0.975,0.53,0.0498,0.0455357312762483,0.0540642687237517,0.95062903024961,0.8375,0.373831775700935,0.333333333333334,0.362057632398754,CMV
10000,107,0.975,0.975,0.54,0.0485,0.0442888797187993,0.0527111202812007,0.952213470408881,0.8375,0.373831775700935,0.333333333333334,0.362442367601247,CMV
10000,107,0.975,0.975,0.55,0.048,0.0438095421801178,0.0521904578198822,0.953799823988853,0.8375,0.373831775700935,0.333333333333334,0.362827102803739,CMV
10000,107,0.975,0.975,0.56,0.0473,0.0431386807678672,0.0514613192321328,0.95538809445768,0.8375,0.373831775700935,0.333333333333334,0.363211838006231,CMV
10000,107,0.975,0.975,0.57,0.0456,0.0415105018383814,0.0496894981616186,0.956978285291908,0.8375,0.373831775700935,0.333333333333334,0.363596573208723,CMV
10000,107,0.975,0.975,0.58,0.0445,0.040457800613535,0.048542199386465,0.958570399976489,0.8375,0.373831775700935,0.333333333333334,0.363981308411215,CMV
10000,107,0.975,0.975,0.59,0.047,0.04285124527609,0.05114875472391,0.960164442004818,0.8375,0.373831775700935,0.333333333333334,0.364366043613708,CMV
10000,107,0.975,0.975,0.6,0.0496,0.0453438548290495,0.0538561451709505,0.961760414878748,0.8375,0.373831775700935,0.333333333333334,0.3647507788162,CMV
10000,107,0.975,0.975,0.61,0.0431,0.0391189806087682,0.0470810193912318,0.963358322108626,0.8375,0.373831775700935,0.333333333333334,0.365135514018692,CMV
10000,107,0.975,0.975,0.62,0.0463,0.0421807441470074,0.0504192558529926,0.964958167213308,0.8375,0.373831775700935,0.333333333333334,0.365520249221184,CMV
10000,107,0.975,0.975,0.63,0.0428,0.038832238033608,0.046767761966392,0.966559953720194,0.8375,0.373831775700935,0.333333333333334,0.365904984423676,CMV
10000,107,0.975,0.975,0.64,0.0446,0.0405534731309844,0.0486465268690156,0.968163685165248,0.8375,0.373831775700935,0.333333333333334,0.366289719626169,CMV
10000,107,0.975,0.975,0.65,0.045,0.0409362187395099,0.0490637812604901,0.969769365093029,0.8375,0.373831775700935,0.333333333333334,0.366674454828661,CMV
10000,107,0.975,0.975,0.66,0.0456,0.0415105018383814,0.0496894981616186,0.97137699705671,0.8375,0.373831775700935,0.333333333333334,0.367059190031153,CMV
10000,107,0.975,0.975,0.67,0.0434,0.0394057758456914,0.0473942241543086,0.972986584618112,0.8375,0.373831775700935,0.333333333333334,0.367443925233645,CMV
10000,107,0.975,0.975,0.68,0.039,0.0352049598232374,0.0427950401767626,0.974598131347726,0.8375,0.373831775700935,0.333333333333334,0.367828660436138,CMV
10000,107,0.975,0.975,0.69,0.0427,0.0387366689691143,0.0466633310308857,0.976211640824739,0.8375,0.373831775700935,0.333333333333334,0.36821339563863,CMV
10000,107,0.975,0.975,0.7,0.0428,0.038832238033608,0.046767761966392,0.977827116637063,0.8375,0.373831775700935,0.333333333333334,0.368598130841122,CMV
10000,107,0.975,0.975,0.71,0.0405,0.036635686236514,0.044364313763486,0.97944456238136,0.8375,0.373831775700935,0.333333333333334,0.368982866043614,CMV
10000,107,0.975,0.975,0.72,0.0432,0.0392145731956611,0.0471854268043389,0.981063981663068,0.8375,0.373831775700935,0.333333333333334,0.369367601246106,CMV
10000,107,0.975,0.975,0.73,0.0445,0.040457800613535,0.048542199386465,0.982685378096431,0.8375,0.373831775700935,0.333333333333334,0.369752336448599,CMV
10000,107,0.975,0.975,0.74,0.0419,0.0379723316219183,0.0458276683780817,0.984308755304522,0.8375,0.373831775700935,0.333333333333334,0.370137071651091,CMV
10000,107,0.975,0.975,0.75,0.0418,0.0378768166552277,0.0457231833447723,0.98593411691927,0.8375,0.373831775700935,0.333333333333334,0.370521806853583,CMV
10000,107,0.975,0.975,0.76,0.0403,0.0364448378349479,0.0441551621650521,0.987561466581492,0.8375,0.373831775700935,0.333333333333334,0.370906542056075,CMV
10000,107,0.975,0.975,0.77,0.0376,0.0338709851722163,0.0413290148277837,0.989190807940916,0.8375,0.373831775700935,0.333333333333334,0.371291277258567,CMV
10000,107,0.975,0.975,0.78,0.0391,0.035300295212779,0.042899704787221,0.990822144656208,0.8375,0.373831775700935,0.333333333333334,0.37167601246106,CMV
10000,107,0.975,0.975,0.79,0.0412,0.0373038559868358,0.0450961440131642,0.992455480395002,0.8375,0.373831775700935,0.333333333333334,0.372060747663552,CMV
10000,107,0.975,0.975,0.8,0.0392,0.0353956373317899,0.0430043626682101,0.994090818833925,0.8375,0.373831775700935,0.333333333333334,0.372445482866044,CMV
10000,107,0.975,0.975,0.81,0.0388,0.0350143093320996,0.0425856906679004,0.995728163658626,0.8375,0.373831775700935,0.333333333333334,0.372830218068536,CMV
10000,107,0.975,0.975,0.82,0.0396,0.0357770726111043,0.0434229273888957,0.997367518563803,0.8375,0.373831775700935,0.333333333333334,0.373214953271028,CMV
10000,107,0.975,0.975,0.83,0.0395,0.0356817038195401,0.0433182961804599,0.999008887253232,0.8375,0.373831775700935,0.333333333333334,0.373599688473521,CMV
10000,107,0.975,0.975,0.84,0.0375,0.033775753797633,0.041224246202367,1.00065227343979,0.8375,0.373831775700935,0.333333333333334,0.373984423676013,CMV
10000,107,0.975,0.975,0.85,0.0392,0.0353956373317899,0.0430043626682101,1.0022976808455,0.8375,0.373831775700935,0.333333333333334,0.374369158878505,CMV
10000,107,0.975,0.975,0.86,0.0387,0.0349189942806707,0.0424810057193293,1.00394511320153,0.8375,0.373831775700935,0.333333333333334,0.374753894080997,CMV
10000,107,0.975,0.975,0.87,0.0394,0.0355863416596248,0.0432136583403752,1.00559457424824,0.8375,0.373831775700935,0.333333333333334,0.37513862928349,CMV
10000,107,0.975,0.975,0.88,0.0396,0.0357770726111043,0.0434229273888957,1.00724606773522,0.8375,0.373831775700935,0.333333333333334,0.375523364485982,CMV
10000,107,0.975,0.975,0.89,0.0396,0.0357770726111043,0.0434229273888957,1.0088995974213,0.8375,0.373831775700935,0.333333333333334,0.375908099688474,CMV
10000,107,0.975,0.975,0.9,0.0365,0.0328238377387649,0.0401761622612351,1.01055516707457,0.8375,0.373831775700935,0.333333333333334,0.376292834890966,CMV
10000,107,0.975,0.975,0.91,0.0384,0.0346330902073397,0.0421669097926603,1.01221278047245,0.8375,0.373831775700935,0.333333333333334,0.376677570093458,CMV
10000,107,0.975,0.975,0.92,0.0378,0.0340614692526124,0.0415385307473876,1.01387244140166,0.8375,0.373831775700935,0.333333333333334,0.377062305295951,CMV
10000,107,0.975,0.975,0.93,0.0374,0.0336805295699101,0.0411194704300899,1.01553415365831,0.8375,0.373831775700935,0.333333333333334,0.377447040498443,CMV
10000,107,0.975,0.975,0.94,0.038,0.0342519815941877,0.0417480184058123,1.01719792104789,0.8375,0.373831775700935,0.333333333333334,0.377831775700935,CMV
10000,107,0.975,0.975,0.95,0.0388,0.0350143093320996,0.0425856906679004,1.0188637473853,0.8375,0.373831775700935,0.333333333333334,0.378216510903427,CMV
10000,107,0.975,0.975,0.96,0.0393,0.0354909861555824,0.0431090138444176,1.02053163649489,0.8375,0.373831775700935,0.333333333333334,0.378601246105919,CMV
10000,107,0.975,0.975,0.97,0.0371,0.0333949000444742,0.0408050999555258,1.02220159221051,0.8375,0.373831775700935,0.333333333333334,0.378985981308412,CMV
10000,107,0.975,0.975,0.98,0.039,0.0352049598232374,0.0427950401767626,1.02387361837548,0.8375,0.373831775700935,0.333333333333334,0.379370716510904,CMV
10000,107,0.975,0.975,0.99,0.037,0.0332997046816883,0.0407002953183117,1.02554771884268,0.8375,0.373831775700935,0.333333333333334,0.379755451713396,CMV
10000,107,0.975,0.975,1,0.0378,0.0340614692526124,0.0415385307473876,1.02722389747456,0.8375,0.373831775700935,0.333333333333334,0.380140186915888,CMV
10000,107,0.975,0.975,0,0.0986,0.0927558734056208,0.104444126594379,0.538147431764453,0.646464646464646,0.925233644859813,0.888888888888889,0.869444444444444,EBV
10000,107,0.975,0.975,0.01,0.0934,0.0876956826847124,0.0991043173152876,0.539788699846119,0.646464646464646,0.925233644859813,0.888888888888889,0.869789719626168,EBV
10000,107,0.975,0.975,0.02,0.0973,0.0914903426062487,0.103109657393751,0.541438695284849,0.646464646464646,0.925233644859813,0.888888888888889,0.870134994807892,EBV
10000,107,0.975,0.975,0.03,0.0918,0.0861397649017319,0.0974602350982681,0.543097487877107,0.646464646464646,0.925233644859813,0.888888888888889,0.870480269989615,EBV
10000,107,0.975,0.975,0.04,0.0907,0.0850703730157984,0.0963296269842016,0.544765148165606,0.646464646464646,0.925233644859813,0.888888888888889,0.870825545171339,EBV
10000,107,0.975,0.975,0.05,0.0864,0.0808924645995195,0.0919075354004805,0.546441747449304,0.646464646464646,0.925233644859813,0.888888888888889,0.871170820353063,EBV
10000,107,0.975,0.975,0.06,0.0929,0.0872094031241925,0.0985905968758075,0.548127357793566,0.646464646464646,0.925233644859813,0.888888888888889,0.871516095534787,EBV
10000,107,0.975,0.975,0.07,0.0869,0.0813780630915672,0.0924219369084328,0.549822052040492,0.646464646464646,0.925233644859813,0.888888888888889,0.871861370716511,EBV
10000,107,0.975,0.975,0.08,0.0849,0.0794360023557778,0.0903639976442222,0.551525903819407,0.646464646464646,0.925233644859813,0.888888888888889,0.872206645898234,EBV
10000,107,0.975,0.975,0.09,0.0861,0.0806011319945749,0.0915988680054251,0.553238987557525,0.646464646464646,0.925233644859813,0.888888888888889,0.872551921079958,EBV
10000,107,0.975,0.975,0.1,0.0872,0.0816694485253228,0.0927305514746772,0.55496137849079,0.646464646464646,0.925233644859813,0.888888888888889,0.872897196261682,EBV
10000,107,0.975,0.975,0.11,0.0858,0.0803098193723056,0.0912901806276944,0.556693152674884,0.646464646464646,0.925233644859813,0.888888888888889,0.873242471443406,EBV
10000,107,0.975,0.975,0.12,0.0812,0.0758455990566039,0.0865544009433961,0.558434386996427,0.646464646464646,0.925233644859813,0.888888888888889,0.87358774662513,EBV
10000,107,0.975,0.975,0.13,0.0806,0.0752636764800769,0.0859363235199231,0.560185159184355,0.646464646464646,0.925233644859813,0.888888888888889,0.873933021806853,EBV
10000,107,0.975,0.975,0.14,0.0805,0.0751666978630203,0.0858333021369797,0.561945547821487,0.646464646464646,0.925233644859813,0.888888888888889,0.874278296988577,EBV
10000,107,0.975,0.975,0.15,0.076,0.0708052438921654,0.0811947561078346,0.563715632356279,0.646464646464646,0.925233644859813,0.888888888888889,0.874623572170301,EBV
10000,107,0.975,0.975,0.16,0.0732,0.0680941161196009,0.0783058838803991,0.565495493114777,0.646464646464646,0.925233644859813,0.888888888888889,0.874968847352025,EBV
10000,107,0.975,0.975,0.17,0.0776,0.0723553937471562,0.0828446062528438,0.567285211312777,0.646464646464646,0.925233644859813,0.888888888888889,0.875314122533748,EBV
10000,107,0.975,0.975,0.18,0.0757,0.0705146652679981,0.0808853347320019,0.569084869068166,0.646464646464646,0.925233644859813,0.888888888888889,0.875659397715472,EBV
10000,107,0.975,0.975,0.19,0.073,0.0679005460092536,0.0780994539907464,0.570894549413487,0.646464646464646,0.925233644859813,0.888888888888889,0.876004672897196,EBV
10000,107,0.975,0.975,0.2,0.0722,0.0671263773498259,0.0772736226501741,0.57271433630871,0.646464646464646,0.925233644859813,0.888888888888889,0.87634994807892,EBV
10000,107,0.975,0.975,0.21,0.069,0.0640315403577111,0.0739684596422889,0.574544314654216,0.646464646464646,0.925233644859813,0.888888888888889,0.876695223260644,EBV
10000,107,0.975,0.975,0.22,0.0657,0.0608432221430019,0.0705567778569981,0.576384570304002,0.646464646464646,0.925233644859813,0.888888888888889,0.877040498442367,EBV
10000,107,0.975,0.975,0.23,0.0646,0.0597812175228915,0.0694187824771086,0.578235190079106,0.646464646464646,0.925233644859813,0.888888888888889,0.877385773624091,EBV
10000,107,0.975,0.975,0.24,0.0679,0.0629683923027161,0.0728316076972839,0.580096261781259,0.646464646464646,0.925233644859813,0.888888888888889,0.877731048805815,EBV
10000,107,0.975,0.975,0.25,0.0688,0.0638382133827859,0.0737617866172141,0.581967874206776,0.646464646464646,0.925233644859813,0.888888888888889,0.878076323987539,EBV
10000,107,0.975,0.975,0.26,0.0622,0.0574655156296822,0.0669344843703178,0.583850117160674,0.646464646464646,0.925233644859813,0.888888888888889,0.878421599169263,EBV
10000,107,0.975,0.975,0.27,0.0605,0.0558264331389891,0.0651735668610109,0.585743081471041,0.646464646464646,0.925233644859813,0.888888888888889,0.878766874350986,EBV
10000,107,0.975,0.975,0.28,0.0609,0.0562120070789108,0.0655879929210893,0.587646859003643,0.646464646464646,0.925233644859813,0.888888888888889,0.87911214953271,EBV
10000,107,0.975,0.975,0.29,0.0633,0.0585266366336084,0.0680733633663916,0.589561542676783,0.646464646464646,0.925233644859813,0.888888888888889,0.879457424714434,EBV
10000,107,0.975,0.975,0.3,0.0604,0.0557300486742888,0.0650699513257112,0.591487226476427,0.646464646464646,0.925233644859813,0.888888888888889,0.879802699896158,EBV
10000,107,0.975,0.975,0.31,0.0589,0.0542847214795296,0.0635152785204704,0.593424005471571,0.646464646464646,0.925233644859813,0.888888888888889,0.880147975077881,EBV
10000,107,0.975,0.975,0.32,0.0566,0.0520702051656744,0.0611297948343256,0.595371975829898,0.646464646464646,0.925233644859813,0.888888888888889,0.880493250259605,EBV
10000,107,0.975,0.975,0.33,0.0583,0.0537068255196558,0.0628931744803442,0.597331234833685,0.646464646464646,0.925233644859813,0.888888888888889,0.880838525441329,EBV
10000,107,0.975,0.975,0.34,0.0537,0.0492810005905122,0.0581189994094878,0.599301880896008,0.646464646464646,0.925233644859813,0.888888888888889,0.881183800623053,EBV
10000,107,0.975,0.975,0.35,0.0531,0.048704364223926,0.057495635776074,0.60128401357721,0.646464646464646,0.925233644859813,0.888888888888889,0.881529075804777,EBV
10000,107,0.975,0.975,0.36,0.0556,0.0511080204998171,0.0600919795001829,0.603277733601675,0.646464646464646,0.925233644859813,0.888888888888889,0.8818743509865,EBV
10000,107,0.975,0.975,0.37,0.0519,0.047551563496316,0.056248436503684,0.605283142874891,0.646464646464646,0.925233644859813,0.888888888888889,0.882219626168224,EBV
10000,107,0.975,0.975,0.38,0.0501,0.0458235816206772,0.0543764183793228,0.607300344500804,0.646464646464646,0.925233644859813,0.888888888888889,0.882564901349948,EBV
10000,107,0.975,0.975,0.39,0.0491,0.0448642477481872,0.0533357522518128,0.6093294427995,0.646464646464646,0.925233644859813,0.888888888888889,0.882910176531672,EBV
10000,107,0.975,0.975,0.4,0.0505,0.0462074481055885,0.0547925518944115,0.61137054332518,0.646464646464646,0.925233644859813,0.888888888888889,0.883255451713396,EBV
10000,107,0.975,0.975,0.41,0.0495,0.0452479237810448,0.0537520762189553,0.613423752884465,0.646464646464646,0.925233644859813,0.888888888888889,0.883600726895119,EBV
10000,107,0.975,0.975,0.42,0.047,0.04285124527609,0.05114875472391,0.615489179555035,0.646464646464646,0.925233644859813,0.888888888888889,0.883946002076843,EBV
10000,107,0.975,0.975,0.43,0.0487,0.0444806494413328,0.0529193505586672,0.617566932704578,0.646464646464646,0.925233644859813,0.888888888888889,0.884291277258567,EBV
10000,107,0.975,0.975,0.44,0.0475,0.0433303300707345,0.0516696699292655,0.619657123010109,0.646464646464646,0.925233644859813,0.888888888888889,0.884636552440291,EBV
10000,107,0.975,0.975,0.45,0.045,0.0409362187395099,0.0490637812604901,0.621759862477614,0.646464646464646,0.925233644859813,0.888888888888889,0.884981827622014,EBV
10000,107,0.975,0.975,0.46,0.0462,0.0420849792691922,0.0503150207308078,0.623875264462062,0.646464646464646,0.925233644859813,0.888888888888889,0.885327102803738,EBV
10000,107,0.975,0.975,0.47,0.0463,0.0421807441470074,0.0504192558529926,0.626003443687769,0.646464646464646,0.925233644859813,0.888888888888889,0.885672377985462,EBV
10000,107,0.975,0.975,0.48,0.0408,0.0369220067642148,0.0446779932357852,0.628144516269146,0.646464646464646,0.925233644859813,0.888888888888889,0.886017653167186,EBV
10000,107,0.975,0.975,0.49,0.0467,0.0425638563133404,0.0508361436866596,0.630298599731812,0.646464646464646,0.925233644859813,0.888888888888889,0.886362928348909,EBV
10000,107,0.975,0.975,0.5,0.0424,0.0384499974351393,0.0463500025648607,0.632465813034099,0.646464646464646,0.925233644859813,0.888888888888889,0.886708203530633,EBV
10000,107,0.975,0.975,0.51,0.0393,0.0354909861555824,0.0431090138444176,0.634646276588952,0.646464646464646,0.925233644859813,0.888888888888889,0.887053478712357,EBV
10000,107,0.975,0.975,0.52,0.0399,0.0360632185357185,0.0437367814642815,0.636840112286232,0.646464646464646,0.925233644859813,0.888888888888889,0.887398753894081,EBV
10000,107,0.975,0.975,0.53,0.0407,0.0368265602283888,0.0445734397716112,0.639047443515425,0.646464646464646,0.925233644859813,0.888888888888889,0.887744029075805,EBV
10000,107,0.975,0.975,0.54,0.043,0.0390233938731076,0.0469766061268924,0.641268395188781,0.646464646464646,0.925233644859813,0.888888888888889,0.888089304257528,EBV
10000,107,0.975,0.975,0.55,0.0378,0.0340614692526124,0.0415385307473876,0.643503093764873,0.646464646464646,0.925233644859813,0.888888888888889,0.888434579439252,EBV
10000,107,0.975,0.975,0.56,0.0401,0.0362540152063685,0.0439459847936315,0.645751667272605,0.646464646464646,0.925233644859813,0.888888888888889,0.888779854620976,EBV
10000,107,0.975,0.975,0.57,0.0359,0.0322530429695778,0.0395469570304222,0.648014245335654,0.646464646464646,0.925233644859813,0.888888888888889,0.8891251298027,EBV
10000,107,0.975,0.975,0.58,0.0378,0.0340614692526124,0.0415385307473876,0.650290959197386,0.646464646464646,0.925233644859813,0.888888888888889,0.889470404984424,EBV
10000,107,0.975,0.975,0.59,0.0372,0.0334901026654893,0.0409098973345107,0.652581941746231,0.646464646464646,0.925233644859813,0.888888888888889,0.889815680166147,EBV
10000,107,0.975,0.975,0.6,0.0386,0.0348236860590482,0.0423763139409518,0.654887327541546,0.646464646464646,0.925233644859813,0.888888888888889,0.890160955347871,EBV
10000,107,0.975,0.975,0.61,0.0372,0.0334901026654893,0.0409098973345107,0.657207252839944,0.646464646464646,0.925233644859813,0.888888888888889,0.890506230529595,EBV
10000,107,0.975,0.975,0.62,0.0327,0.029213602906466,0.036186397093534,0.659541855622153,0.646464646464646,0.925233644859813,0.888888888888889,0.890851505711319,EBV
10000,107,0.975,0.975,0.63,0.0372,0.0334901026654893,0.0409098973345107,0.661891275620368,0.646464646464646,0.925233644859813,0.888888888888889,0.891196780893042,EBV
10000,107,0.975,0.975,0.64,0.0384,0.0346330902073397,0.0421669097926603,0.664255654346132,0.646464646464646,0.925233644859813,0.888888888888889,0.891542056074766,EBV
10000,107,0.975,0.975,0.65,0.0348,0.0312073024383284,0.0383926975616716,0.666635135118747,0.646464646464646,0.925233644859813,0.888888888888889,0.89188733125649,EBV
10000,107,0.975,0.975,0.66,0.0365,0.0328238377387649,0.0401761622612351,0.669029863094229,0.646464646464646,0.925233644859813,0.888888888888889,0.892232606438214,EBV
10000,107,0.975,0.975,0.67,0.0331,0.0295930695123225,0.0366069304876775,0.671439985294839,0.646464646464646,0.925233644859813,0.888888888888889,0.892577881619938,EBV
10000,107,0.975,0.975,0.68,0.0326,0.0291187579383162,0.0360812420616838,0.673865650639156,0.646464646464646,0.925233644859813,0.888888888888889,0.892923156801661,EBV
10000,107,0.975,0.975,0.69,0.0335,0.0299726730760736,0.0370273269239264,0.676307009972761,0.646464646464646,0.925233644859813,0.888888888888889,0.893268431983385,EBV
10000,107,0.975,0.975,0.7,0.031,0.0276024557943351,0.0343975442056649,0.678764216099501,0.646464646464646,0.925233644859813,0.888888888888889,0.893613707165109,EBV
10000,107,0.975,0.975,0.71,0.031,0.0276024557943351,0.0343975442056649,0.681237423813376,0.646464646464646,0.925233644859813,0.888888888888889,0.893958982346832,EBV
10000,107,0.975,0.975,0.72,0.0319,0.0284550903808126,0.0353449096191874,0.683726789931043,0.646464646464646,0.925233644859813,0.888888888888889,0.894304257528556,EBV
10000,107,0.975,0.975,0.73,0.0316,0.0281707960735304,0.0350292039264696,0.686232473324955,0.646464646464646,0.925233644859813,0.888888888888889,0.89464953271028,EBV
10000,107,0.975,0.975,0.74,0.0317,0.0282655517435043,0.0351344482564957,0.688754634957166,0.646464646464646,0.925233644859813,0.888888888888889,0.894994807892004,EBV
10000,107,0.975,0.975,0.75,0.0296,0.0262776634035805,0.0329223365964195,0.691293437913802,0.646464646464646,0.925233644859813,0.888888888888889,0.895340083073728,EBV
10000,107,0.975,0.975,0.76,0.0285,0.0252381332700355,0.0317618667299645,0.693849047440208,0.646464646464646,0.925233644859813,0.888888888888889,0.895685358255452,EBV
10000,107,0.975,0.975,0.77,0.0327,0.029213602906466,0.036186397093534,0.6964216309768,0.646464646464646,0.925233644859813,0.888888888888889,0.896030633437175,EBV
10000,107,0.975,0.975,0.78,0.0321,0.0286446651392366,0.0355553348607634,0.699011358195645,0.646464646464646,0.925233644859813,0.888888888888889,0.896375908618899,EBV
10000,107,0.975,0.975,0.79,0.0307,0.027318412147432,0.034081587852568,0.701618401037751,0.646464646464646,0.925233644859813,0.888888888888889,0.896721183800623,EBV
10000,107,0.975,0.975,0.8,0.0297,0.026372227557649,0.033027772442351,0.70424293375113,0.646464646464646,0.925233644859813,0.888888888888889,0.897066458982347,EBV
10000,107,0.975,0.975,0.81,0.0302,0.0268451976234531,0.0335548023765469,0.70688513292962,0.646464646464646,0.925233644859813,0.888888888888889,0.897411734164071,EBV
10000,107,0.975,0.975,0.82,0.0298,0.0264668017294666,0.0331331982705334,0.70954517755249,0.646464646464646,0.925233644859813,0.888888888888889,0.897757009345794,EBV
10000,107,0.975,0.975,0.83,0.0295,0.0261831093165135,0.0328168906834865,0.712223249024859,0.646464646464646,0.925233644859813,0.888888888888889,0.898102284527518,EBV
10000,107,0.975,0.975,0.84,0.0312,0.0277918653657869,0.0346081346342131,0.714919531218933,0.646464646464646,0.925233644859813,0.888888888888889,0.898447559709242,EBV
10000,107,0.975,0.975,0.85,0.0295,0.0261831093165135,0.0328168906834865,0.717634210516088,0.646464646464646,0.925233644859813,0.888888888888889,0.898792834890966,EBV
10000,107,0.975,0.975,0.86,0.0311,0.0276971558954371,0.0345028441045629,0.720367475849819,0.646464646464646,0.925233644859813,0.888888888888889,0.899138110072689,EBV
10000,107,0.975,0.975,0.87,0.0319,0.0284550903808126,0.0353449096191874,0.723119518749572,0.646464646464646,0.925233644859813,0.888888888888889,0.899483385254413,EBV
10000,107,0.975,0.975,0.88,0.0296,0.0262776634035805,0.0329223365964195,0.72589053338548,0.646464646464646,0.925233644859813,0.888888888888889,0.899828660436137,EBV
10000,107,0.975,0.975,0.89,0.0285,0.0252381332700355,0.0317618667299645,0.728680716614037,0.646464646464646,0.925233644859813,0.888888888888889,0.900173935617861,EBV
10000,107,0.975,0.975,0.9,0.0315,0.0280760495583995,0.0349239504416005,0.731490268024715,0.646464646464646,0.925233644859813,0.888888888888889,0.900519210799585,EBV
10000,107,0.975,0.975,0.91,0.0285,0.0252381332700355,0.0317618667299645,0.734319389987549,0.646464646464646,0.925233644859813,0.888888888888889,0.900864485981308,EBV
10000,107,0.975,0.975,0.92,0.0293,0.0259940315424763,0.0326059684575237,0.73716828770174,0.646464646464646,0.925233644859813,0.888888888888889,0.901209761163032,EBV
10000,107,0.975,0.975,0.93,0.0259,0.0227863195895086,0.0290136804104914,0.740037169245261,0.646464646464646,0.925233644859813,0.888888888888889,0.901555036344756,EBV
10000,107,0.975,0.975,0.94,0.0289,0.0256159990122614,0.0321840009877386,0.742926245625515,0.646464646464646,0.925233644859813,0.888888888888889,0.901900311526479,EBV
10000,107,0.975,0.975,0.95,0.0277,0.0244829159459258,0.0309170840540742,0.745835730831083,0.646464646464646,0.925233644859813,0.888888888888889,0.902245586708203,EBV
10000,107,0.975,0.975,0.96,0.0288,0.0255215168088073,0.0320784831911927,0.748765841884545,0.646464646464646,0.925233644859813,0.888888888888889,0.902590861889927,EBV
10000,107,0.975,0.975,0.97,0.0281,0.0248604377345255,0.0313395622654745,0.751716798896451,0.646464646464646,0.925233644859813,0.888888888888889,0.902936137071651,EBV
10000,107,0.975,0.975,0.98,0.0268,0.023634146399553,0.029965853600447,0.754688825120434,0.646464646464646,0.925233644859813,0.888888888888889,0.903281412253375,EBV
10000,107,0.975,0.975,0.99,0.0278,0.0245772799059606,0.0310227200940394,0.757682147009518,0.646464646464646,0.925233644859813,0.888888888888889,0.903626687435098,EBV
10000,107,0.975,0.975,1,0.0292,0.0258995079561082,0.0325004920438918,0.760696994273637,0.646464646464646,0.925233644859813,0.888888888888889,0.903971962616822,EBV
10000,107,0.975,0.975,0,0.4423,0.432563986384648,0.452036013615353,1.58636564851704,1.59822222222222,0.420560747663551,0.537037037037036,0.535185185185184,HSV1
10000,107,0.975,0.975,0.01,0.4346,0.424882710451558,0.444317289548443,1.57932605238265,1.59822222222222,0.420560747663551,0.537037037037036,0.534078660436136,HSV1
10000,107,0.975,0.975,0.02,0.4198,0.410125412430413,0.429474587569587,1.57231981394677,1.59822222222222,0.420560747663551,0.537037037037036,0.532972135687088,HSV1
10000,107,0.975,0.975,0.03,0.4227,0.413016345560133,0.432383654439867,1.56534669666758,1.59822222222222,0.420560747663551,0.537037037037036,0.53186561093804,HSV1
10000,107,0.975,0.975,0.04,0.4121,0.402451153043099,0.421748846956901,1.55840646623444,1.59822222222222,0.420560747663551,0.537037037037036,0.530759086188992,HSV1
10000,107,0.975,0.975,0.05,0.404,0.394380861164637,0.413619138835363,1.55149889054165,1.59822222222222,0.420560747663551,0.537037037037036,0.529652561439944,HSV1
10000,107,0.975,0.975,0.06,0.4052,0.395576288861837,0.414823711138163,1.54462373966254,1.59822222222222,0.420560747663551,0.537037037037036,0.528546036690896,HSV1
10000,107,0.975,0.975,0.07,0.3902,0.38063775816276,0.39976224183724,1.53778078582399,1.59822222222222,0.420560747663551,0.537037037037036,0.527439511941848,HSV1
10000,107,0.975,0.975,0.08,0.3762,0.36670369922637,0.385696300773629,1.53096980338128,1.59822222222222,0.420560747663551,0.537037037037036,0.5263329871928,HSV1
10000,107,0.975,0.975,0.09,0.3701,0.360635063004959,0.379564936995041,1.52419056879324,1.59822222222222,0.420560747663551,0.537037037037036,0.525226462443752,HSV1
10000,107,0.975,0.975,0.1,0.3652,0.355761429499204,0.374638570500796,1.51744286059786,1.59822222222222,0.420560747663551,0.537037037037036,0.524119937694703,HSV1
10000,107,0.975,0.975,0.11,0.3549,0.34552030101268,0.36427969898732,1.51072645938813,1.59822222222222,0.420560747663551,0.537037037037036,0.523013412945655,HSV1
10000,107,0.975,0.975,0.12,0.3515,0.342140771821689,0.360859228178311,1.50404114778826,1.59822222222222,0.420560747663551,0.537037037037036,0.521906888196607,HSV1
10000,107,0.975,0.975,0.13,0.3436,0.334290352345385,0.352909647654615,1.49738671043026,1.59822222222222,0.420560747663551,0.537037037037036,0.520800363447559,HSV1
10000,107,0.975,0.975,0.14,0.3339,0.324655140676867,0.343144859323133,1.49076293393078,1.59822222222222,0.420560747663551,0.537037037037036,0.519693838698511,HSV1
10000,107,0.975,0.975,0.15,0.3353,0.326045520521377,0.344554479478623,1.4841696068683,1.59822222222222,0.420560747663551,0.537037037037036,0.518587313949463,HSV1
10000,107,0.975,0.975,0.16,0.3186,0.30946630866377,0.32773369133623,1.47760651976067,1.59822222222222,0.420560747663551,0.537037037037036,0.517480789200415,HSV1
10000,107,0.975,0.975,0.17,0.3173,0.308176271187816,0.326423728812184,1.47107346504288,1.59822222222222,0.420560747663551,0.537037037037036,0.516374264451367,HSV1
10000,107,0.975,0.975,0.18,0.3126,0.303512976914519,0.321687023085481,1.46457023704522,1.59822222222222,0.420560747663551,0.537037037037036,0.515267739702319,HSV1
10000,107,0.975,0.975,0.19,0.3011,0.292107399945277,0.310092600054723,1.45809663197166,1.59822222222222,0.420560747663551,0.537037037037036,0.514161214953271,HSV1
10000,107,0.975,0.975,0.2,0.2965,0.287547037192047,0.305452962807953,1.45165244787859,1.59822222222222,0.420560747663551,0.537037037037036,0.513054690204222,HSV1
10000,107,0.975,0.975,0.21,0.2943,0.285366378045852,0.303233621954148,1.44523748465381,1.59822222222222,0.420560747663551,0.537037037037036,0.511948165455174,HSV1
10000,107,0.975,0.975,0.22,0.2819,0.273080125978659,0.290719874021341,1.4388515439958,1.59822222222222,0.420560747663551,0.537037037037036,0.510841640706126,HSV1
10000,107,0.975,0.975,0.23,0.2733,0.264563856149397,0.282036143850603,1.43249442939331,1.59822222222222,0.420560747663551,0.537037037037036,0.509735115957078,HSV1
10000,107,0.975,0.975,0.24,0.2661,0.257437100785941,0.274762899214059,1.42616594610519,1.59822222222222,0.420560747663551,0.537037037037036,0.50862859120803,HSV1
10000,107,0.975,0.975,0.25,0.2571,0.248532806064598,0.265667193935402,1.41986590114053,1.59822222222222,0.420560747663551,0.537037037037036,0.507522066458982,HSV1
10000,107,0.975,0.975,0.26,0.2571,0.248532806064598,0.265667193935402,1.41359410323898,1.59822222222222,0.420560747663551,0.537037037037036,0.506415541709934,HSV1
10000,107,0.975,0.975,0.27,0.2485,0.240028699850895,0.256971300149105,1.40735036285146,1.59822222222222,0.420560747663551,0.537037037037036,0.505309016960886,HSV1
10000,107,0.975,0.975,0.28,0.2495,0.241017321564833,0.257982678435167,1.40113449212104,1.59822222222222,0.420560747663551,0.537037037037036,0.504202492211837,HSV1
10000,107,0.975,0.975,0.29,0.2365,0.228170048479456,0.244829951520544,1.39494630486408,1.59822222222222,0.420560747663551,0.537037037037036,0.503095967462789,HSV1
10000,107,0.975,0.975,0.3,0.2412,0.232813616979889,0.249586383020111,1.38878561655168,1.59822222222222,0.420560747663551,0.537037037037036,0.501989442713741,HSV1
10000,107,0.975,0.975,0.31,0.2251,0.216912846017859,0.233287153982141,1.38265224429131,1.59822222222222,0.420560747663551,0.537037037037036,0.500882917964693,HSV1
10000,107,0.975,0.975,0.32,0.2169,0.208820941206471,0.224979058793529,1.37654600680869,1.59822222222222,0.420560747663551,0.537037037037036,0.499776393215645,HSV1
10000,107,0.975,0.975,0.33,0.22,0.211879532689906,0.228120467310094,1.37046672443,1.59822222222222,0.420560747663551,0.537037037037036,0.498669868466597,HSV1
10000,107,0.975,0.975,0.34,0.2118,0.203790533785534,0.219809466214466,1.3644142190642,1.59822222222222,0.420560747663551,0.537037037037036,0.497563343717549,HSV1
10000,107,0.975,0.975,0.35,0.2049,0.196987672833938,0.212812327166062,1.35838831418563,1.59822222222222,0.420560747663551,0.537037037037036,0.496456818968501,HSV1
10000,107,0.975,0.975,0.36,0.1945,0.186740835562316,0.202259164437684,1.3523888348169,1.59822222222222,0.420560747663551,0.537037037037036,0.495350294219453,HSV1
10000,107,0.975,0.975,0.37,0.1936,0.185854484690855,0.201345515309145,1.34641560751193,1.59822222222222,0.420560747663551,0.537037037037036,0.494243769470404,HSV1
10000,107,0.975,0.975,0.38,0.1853,0.177683438582481,0.192916561417519,1.3404684603392,1.59822222222222,0.420560747663551,0.537037037037036,0.493137244721356,HSV1
10000,107,0.975,0.975,0.39,0.1867,0.179061291702595,0.194338708297405,1.33454722286531,1.59822222222222,0.420560747663551,0.537037037037036,0.492030719972308,HSV1
10000,107,0.975,0.975,0.4,0.1847,0.177092980150073,0.192307019849927,1.32865172613867,1.59822222222222,0.420560747663551,0.537037037037036,0.49092419522326,HSV1
10000,107,0.975,0.975,0.41,0.1742,0.166764949969517,0.181635050030483,1.32278180267342,1.59822222222222,0.420560747663551,0.537037037037036,0.489817670474212,HSV1
10000,107,0.975,0.975,0.42,0.1641,0.156839712247336,0.171360287752664,1.3169372864336,1.59822222222222,0.420560747663551,0.537037037037036,0.488711145725164,HSV1
10000,107,0.975,0.975,0.43,0.1686,0.161260674048441,0.175939325951559,1.31111801281747,1.59822222222222,0.420560747663551,0.537037037037036,0.487604620976116,HSV1
10000,107,0.975,0.975,0.44,0.1599,0.152715242657938,0.167084757342062,1.30532381864206,1.59822222222222,0.420560747663551,0.537037037037036,0.486498096227068,HSV1
10000,107,0.975,0.975,0.45,0.1541,0.147022445660035,0.161177554339965,1.29955454212792,1.59822222222222,0.420560747663551,0.537037037037036,0.48539157147802,HSV1
10000,107,0.975,0.975,0.46,0.1527,0.145648841089953,0.159751158910047,1.29381002288408,1.59822222222222,0.420560747663551,0.537037037037036,0.484285046728972,HSV1
10000,107,0.975,0.975,0.47,0.1527,0.145648841089953,0.159751158910047,1.28809010189315,1.59822222222222,0.420560747663551,0.537037037037036,0.483178521979923,HSV1
10000,107,0.975,0.975,0.48,0.1448,0.137901724934556,0.151698275065444,1.2823946214967,1.59822222222222,0.420560747663551,0.537037037037036,0.482071997230875,HSV1
10000,107,0.975,0.975,0.49,0.1442,0.137313617337762,0.151086382662238,1.27672342538069,1.59822222222222,0.420560747663551,0.537037037037036,0.480965472481827,HSV1
10000,107,0.975,0.975,0.5,0.1314,0.124777377873912,0.138022622126088,1.27107635856128,1.59822222222222,0.420560747663551,0.537037037037036,0.479858947732779,HSV1
10000,107,0.975,0.975,0.51,0.1327,0.126049680427567,0.139350319572433,1.26545326737061,1.59822222222222,0.420560747663551,0.537037037037036,0.478752422983731,HSV1
10000,107,0.975,0.975,0.52,0.1266,0.120081527656217,0.133118472343783,1.25985399944293,1.59822222222222,0.420560747663551,0.537037037037036,0.477645898234683,HSV1
10000,107,0.975,0.975,0.53,0.1211,0.114704651955202,0.127495348044798,1.25427840370079,1.59822222222222,0.420560747663551,0.537037037037036,0.476539373485635,HSV1
10000,107,0.975,0.975,0.54,0.1197,0.113336664716625,0.126063335283375,1.24872633034149,1.59822222222222,0.420560747663551,0.537037037037036,0.475432848736587,HSV1
10000,107,0.975,0.975,0.55,0.107,0.100940455224695,0.113059544775305,1.24319763082366,1.59822222222222,0.420560747663551,0.537037037037036,0.474326323987538,HSV1
10000,107,0.975,0.975,0.56,0.1106,0.104451792637313,0.116748207362687,1.23769215785396,1.59822222222222,0.420560747663551,0.537037037037036,0.47321979923849,HSV1
10000,107,0.975,0.975,0.57,0.1098,0.103671314358591,0.115928685641409,1.23220976537408,1.59822222222222,0.420560747663551,0.537037037037036,0.472113274489442,HSV1
10000,107,0.975,0.975,0.58,0.1053,0.0992830654849873,0.111316934515013,1.22675030854776,1.59822222222222,0.420560747663551,0.537037037037036,0.471006749740394,HSV1
10000,107,0.975,0.975,0.59,0.0975,0.0916850190839927,0.103314980916007,1.22131364374808,1.59822222222222,0.420560747663551,0.537037037037036,0.469900224991346,HSV1
10000,107,0.975,0.975,0.6,0.0959,0.0901278192936953,0.101672180706305,1.21589962854482,1.59822222222222,0.420560747663551,0.537037037037036,0.468793700242298,HSV1
10000,107,0.975,0.975,0.61,0.098,0.0921717430900514,0.103828256909949,1.21050812169205,1.59822222222222,0.420560747663551,0.537037037037036,0.46768717549325,HSV1
10000,107,0.975,0.975,0.62,0.0968,0.0910036844043993,0.102596315595601,1.20513898311586,1.59822222222222,0.420560747663551,0.537037037037036,0.466580650744202,HSV1
10000,107,0.975,0.975,0.63,0.0919,0.0862369946207089,0.0975630053792911,1.19979207390219,1.59822222222222,0.420560747663551,0.537037037037036,0.465474125995154,HSV1
10000,107,0.975,0.975,0.64,0.0833,0.0778830042231007,0.0887169957768993,1.19446725628489,1.59822222222222,0.420560747663551,0.537037037037036,0.464367601246105,HSV1
10000,107,0.975,0.975,0.65,0.0825,0.0771067271597002,0.0878932728402998,1.18916439363384,1.59822222222222,0.420560747663551,0.537037037037036,0.463261076497057,HSV1
10000,107,0.975,0.975,0.66,0.0836,0.0781741465483011,0.0890258534516988,1.18388335044332,1.59822222222222,0.420560747663551,0.537037037037036,0.462154551748009,HSV1
10000,107,0.975,0.975,0.67,0.0804,0.0750697216795187,0.0857302783204813,1.17862399232043,1.59822222222222,0.420560747663551,0.537037037037036,0.461048026998961,HSV1
10000,107,0.975,0.975,0.68,0.0818,0.0764276082108318,0.0871723917891682,1.1733861859737,1.59822222222222,0.420560747663551,0.537037037037036,0.459941502249913,HSV1
10000,107,0.975,0.975,0.69,0.0727,0.0676102117364696,0.0777897882635304,1.16816979920181,1.59822222222222,0.420560747663551,0.537037037037036,0.458834977500865,HSV1
10000,107,0.975,0.975,0.7,0.0683,0.0633549489404075,0.0732450510595925,1.16297470088252,1.59822222222222,0.420560747663551,0.537037037037036,0.457728452751817,HSV1
10000,107,0.975,0.975,0.71,0.0695,0.0645149103643252,0.0744850896356748,1.15780076096163,1.59822222222222,0.420560747663551,0.537037037037036,0.456621928002769,HSV1
10000,107,0.975,0.975,0.72,0.0662,0.0613260809684541,0.0710739190315459,1.15264785044215,1.59822222222222,0.420560747663551,0.537037037037036,0.455515403253721,HSV1
10000,107,0.975,0.975,0.73,0.0658,0.0609397874904396,0.0706602125095604,1.14751584137357,1.59822222222222,0.420560747663551,0.537037037037036,0.454408878504672,HSV1
10000,107,0.975,0.975,0.74,0.0657,0.0608432221430019,0.0705567778569981,1.14240460684128,1.59822222222222,0.420560747663551,0.537037037037036,0.453302353755624,HSV1
10000,107,0.975,0.975,0.75,0.0632,0.0584301539644256,0.0679698460355745,1.13731402095611,1.59822222222222,0.420560747663551,0.537037037037036,0.452195829006576,HSV1
10000,107,0.975,0.975,0.76,0.0586,0.053995756479164,0.063204243520836,1.13224395884398,1.59822222222222,0.420560747663551,0.537037037037036,0.451089304257528,HSV1
10000,107,0.975,0.975,0.77,0.0546,0.0501462431740845,0.0590537568259155,1.1271942966357,1.59822222222222,0.420560747663551,0.537037037037036,0.44998277950848,HSV1
10000,107,0.975,0.975,0.78,0.0537,0.0492810005905122,0.0581189994094878,1.12216491145687,1.59822222222222,0.420560747663551,0.537037037037036,0.448876254759432,HSV1
10000,107,0.975,0.975,0.79,0.0549,0.0504347329808476,0.0593652670191524,1.11715568141794,1.59822222222222,0.420560747663551,0.537037037037036,0.447769730010384,HSV1
10000,107,0.975,0.975,0.8,0.052,0.0476476058177303,0.0563523941822697,1.11216648560433,1.59822222222222,0.420560747663551,0.537037037037036,0.446663205261336,HSV1
10000,107,0.975,0.975,0.81,0.0541,0.0496655105509702,0.0585344894490298,1.10719720406672,1.59822222222222,0.420560747663551,0.537037037037036,0.445556680512288,HSV1
10000,107,0.975,0.975,0.82,0.0477,0.0435219997434015,0.0518780002565985,1.10224771781143,1.59822222222222,0.420560747663551,0.537037037037036,0.444450155763239,HSV1
10000,107,0.975,0.975,0.83,0.0471,0.0429470519576776,0.0512529480423225,1.09731790879094,1.59822222222222,0.420560747663551,0.537037037037036,0.443343631014191,HSV1
10000,107,0.975,0.975,0.84,0.0488,0.0445765416817852,0.0530234583182148,1.09240765989447,1.59822222222222,0.420560747663551,0.537037037037036,0.442237106265143,HSV1
10000,107,0.975,0.975,0.85,0.0472,0.0430428637934574,0.0513571362065426,1.08751685493875,1.59822222222222,0.420560747663551,0.537037037037036,0.441130581516095,HSV1
10000,107,0.975,0.975,0.86,0.0437,0.0396926232237983,0.0477073767762018,1.08264537865881,1.59822222222222,0.420560747663551,0.537037037037036,0.440024056767047,HSV1
10000,107,0.975,0.975,0.87,0.0392,0.0353956373317899,0.0430043626682101,1.07779311669896,1.59822222222222,0.420560747663551,0.537037037037036,0.438917532017999,HSV1
10000,107,0.975,0.975,0.88,0.0416,0.0376858050844279,0.0455141949155721,1.07295995560383,1.59822222222222,0.420560747663551,0.537037037037036,0.437811007268951,HSV1
10000,107,0.975,0.975,0.89,0.0436,0.039597001669399,0.047602998330601,1.06814578280951,1.59822222222222,0.420560747663551,0.537037037037036,0.436704482519903,HSV1
10000,107,0.975,0.975,0.9,0.0432,0.0392145731956611,0.0471854268043389,1.06335048663485,1.59822222222222,0.420560747663551,0.537037037037036,0.435597957770855,HSV1
10000,107,0.975,0.975,0.91,0.0413,0.0373993339522488,0.0452006660477512,1.0585739562728,1.59822222222222,0.420560747663551,0.537037037037036,0.434491433021806,HSV1
10000,107,0.975,0.975,0.92,0.0403,0.0364448378349479,0.0441551621650521,1.05381608178185,1.59822222222222,0.420560747663551,0.537037037037036,0.433384908272758,HSV1
10000,107,0.975,0.975,0.93,0.0398,0.0359678299930406,0.0436321700069594,1.04907675407766,1.59822222222222,0.420560747663551,0.537037037037036,0.43227838352371,HSV1
10000,107,0.975,0.975,0.94,0.0431,0.0391189806087682,0.0470810193912318,1.04435586492465,1.59822222222222,0.420560747663551,0.537037037037036,0.431171858774662,HSV1
10000,107,0.975,0.975,0.95,0.0386,0.0348236860590482,0.0423763139409518,1.03965330692781,1.59822222222222,0.420560747663551,0.537037037037036,0.430065334025614,HSV1
10000,107,0.975,0.975,0.96,0.039,0.0352049598232374,0.0427950401767626,1.03496897352455,1.59822222222222,0.420560747663551,0.537037037037036,0.428958809276566,HSV1
10000,107,0.975,0.975,0.97,0.0399,0.0360632185357185,0.0437367814642815,1.03030275897662,1.59822222222222,0.420560747663551,0.537037037037036,0.427852284527518,HSV1
10000,107,0.975,0.975,0.98,0.0381,0.0343472482959086,0.0418527517040914,1.0256545583622,1.59822222222222,0.420560747663551,0.537037037037036,0.42674575977847,HSV1
10000,107,0.975,0.975,0.99,0.0367,0.0330141624267631,0.0403858375732369,1.02102426756798,1.59822222222222,0.420560747663551,0.537037037037036,0.425639235029422,HSV1
10000,107,0.975,0.975,1,0.0438,0.0397882505147329,0.0478117494852671,1.01641178328145,1.59822222222222,0.420560747663551,0.537037037037036,0.424532710280373,HSV1
10000,107,0.975,0.975,0,0.1909,0.183195819568044,0.198604180431956,1.3821084864392,1.35590277777778,0.336448598130841,0.407407407407408,0.412037037037037,HSV2
10000,107,0.975,0.975,0.01,0.1829,0.175321786461825,0.190478213538175,1.37826709828602,1.35590277777778,0.336448598130841,0.407407407407408,0.41136292834891,HSV2
10000,107,0.975,0.975,0.02,0.1789,0.17138678915047,0.18641321084953,1.37443449840368,1.35590277777778,0.336448598130841,0.407407407407408,0.410688819660783,HSV2
10000,107,0.975,0.975,0.03,0.1773,0.169813178185614,0.184786821814386,1.37061065666811,1.35590277777778,0.336448598130841,0.407407407407408,0.410014710972655,HSV2
10000,107,0.975,0.975,0.04,0.1708,0.163422725208569,0.178177274791431,1.36679554309278,1.35590277777778,0.336448598130841,0.407407407407408,0.409340602284528,HSV2
10000,107,0.975,0.975,0.05,0.1742,0.166764949969517,0.181635050030483,1.3629891278279,1.35590277777778,0.336448598130841,0.407407407407408,0.4086664935964,HSV2
10000,107,0.975,0.975,0.06,0.1628,0.155562906380188,0.170037093619812,1.35919138115962,1.35590277777778,0.336448598130841,0.407407407407408,0.407992384908273,HSV2
10000,107,0.975,0.975,0.07,0.169,0.161653740846946,0.176346259153054,1.35540227350929,1.35590277777778,0.336448598130841,0.407407407407408,0.407318276220146,HSV2
10000,107,0.975,0.975,0.08,0.1643,0.157036158428073,0.171563841571927,1.35162177543267,1.35590277777778,0.336448598130841,0.407407407407408,0.406644167532018,HSV2
10000,107,0.975,0.975,0.09,0.1601,0.152911606592513,0.167288393407487,1.34784985761917,1.35590277777778,0.336448598130841,0.407407407407408,0.405970058843891,HSV2
10000,107,0.975,0.975,0.1,0.1595,0.152322526739529,0.166677473260471,1.3440864908911,1.35590277777778,0.336448598130841,0.407407407407408,0.405295950155764,HSV2
10000,107,0.975,0.975,0.11,0.1577,0.15055550350279,0.16484449649721,1.34033164620293,1.35590277777778,0.336448598130841,0.407407407407408,0.404621841467636,HSV2
10000,107,0.975,0.975,0.12,0.1544,0.147316816127851,0.161483183872149,1.33658529464049,1.35590277777778,0.336448598130841,0.407407407407408,0.403947732779509,HSV2
10000,107,0.975,0.975,0.13,0.1496,0.142608026024633,0.156591973975367,1.3328474074203,1.35590277777778,0.336448598130841,0.407407407407408,0.403273624091381,HSV2
10000,107,0.975,0.975,0.14,0.1428,0.135941524911262,0.149658475088738,1.32911795588878,1.35590277777778,0.336448598130841,0.407407407407408,0.402599515403254,HSV2
10000,107,0.975,0.975,0.15,0.1443,0.137411632450094,0.151188367549906,1.32539691152155,1.35590277777778,0.336448598130841,0.407407407407408,0.401925406715127,HSV2
10000,107,0.975,0.975,0.16,0.1403,0.133491919543417,0.147108080456583,1.32168424592266,1.35590277777778,0.336448598130841,0.407407407407408,0.401251298026999,HSV2
10000,107,0.975,0.975,0.17,0.1385,0.131728655521366,0.145271344478634,1.31797993082393,1.35590277777778,0.336448598130841,0.407407407407408,0.400577189338872,HSV2
10000,107,0.975,0.975,0.18,0.1388,0.132022506273288,0.145577493726712,1.31428393808418,1.35590277777778,0.336448598130841,0.407407407407408,0.399903080650744,HSV2
10000,107,0.975,0.975,0.19,0.1347,0.128007482270835,0.141392517729165,1.31059623968853,1.35590277777778,0.336448598130841,0.407407407407408,0.399228971962617,HSV2
10000,107,0.975,0.975,0.2,0.1252,0.118712476675799,0.131687523324201,1.30691680774771,1.35590277777778,0.336448598130841,0.407407407407408,0.39855486327449,HSV2
10000,107,0.975,0.975,0.21,0.1267,0.120179327052774,0.133220672947226,1.30324561449734,1.35590277777778,0.336448598130841,0.407407407407408,0.397880754586362,HSV2
10000,107,0.975,0.975,0.22,0.1278,0.121255208001259,0.134344791998741,1.29958263229724,1.35590277777778,0.336448598130841,0.407407407407408,0.397206645898235,HSV2
10000,107,0.975,0.975,0.23,0.1221,0.115681955305916,0.128518044694084,1.29592783363072,1.35590277777778,0.336448598130841,0.407407407407408,0.396532537210108,HSV2
10000,107,0.975,0.975,0.24,0.1249,0.118419142957003,0.131380857042997,1.29228119110393,1.35590277777778,0.336448598130841,0.407407407407408,0.39585842852198,HSV2
10000,107,0.975,0.975,0.25,0.1183,0.111968958310351,0.124631041689649,1.28864267744513,1.35590277777778,0.336448598130841,0.407407407407408,0.395184319833853,HSV2
10000,107,0.975,0.975,0.26,0.1152,0.108941486733638,0.121458513266362,1.28501226550402,1.35590277777778,0.336448598130841,0.407407407407408,0.394510211145725,HSV2
10000,107,0.975,0.975,0.27,0.1145,0.108258062630267,0.120741937369733,1.2813899282511,1.35590277777778,0.336448598130841,0.407407407407408,0.393836102457598,HSV2
10000,107,0.975,0.975,0.28,0.109,0.102890938719176,0.115109061280824,1.27777563877695,1.35590277777778,0.336448598130841,0.407407407407408,0.393161993769471,HSV2
10000,107,0.975,0.975,0.29,0.1082,0.102110666711411,0.114289333288589,1.27416937029161,1.35590277777778,0.336448598130841,0.407407407407408,0.392487885081343,HSV2
10000,107,0.975,0.975,0.3,0.1083,0.102208195010664,0.114391804989336,1.27057109612387,1.35590277777778,0.336448598130841,0.407407407407408,0.391813776393216,HSV2
10000,107,0.975,0.975,0.31,0.1047,0.0986982208050533,0.110701779194947,1.26698078972066,1.35590277777778,0.336448598130841,0.407407407407408,0.391139667705088,HSV2
10000,107,0.975,0.975,0.32,0.1026,0.0966517516387802,0.10854824836122,1.26339842464636,1.35590277777778,0.336448598130841,0.407407407407408,0.390465559016961,HSV2
10000,107,0.975,0.975,0.33,0.0978,0.0919770478755987,0.103622952124401,1.25982397458218,1.35590277777778,0.336448598130841,0.407407407407408,0.389791450328834,HSV2
10000,107,0.975,0.975,0.34,0.096,0.0902251299965245,0.101774870003476,1.25625741332548,1.35590277777778,0.336448598130841,0.407407407407408,0.389117341640706,HSV2
10000,107,0.975,0.975,0.35,0.0976,0.0917823601404359,0.103417639859564,1.25269871478916,1.35590277777778,0.336448598130841,0.407407407407408,0.388443232952579,HSV2
10000,107,0.975,0.975,0.36,0.0944,0.0886683906205517,0.100131609379448,1.24914785300103,1.35590277777778,0.336448598130841,0.407407407407408,0.387769124264451,HSV2
10000,107,0.975,0.975,0.37,0.0958,0.0900305105104624,0.101569489489538,1.24560480210315,1.35590277777778,0.336448598130841,0.407407407407408,0.387095015576324,HSV2
10000,107,0.975,0.975,0.38,0.0911,0.0854592140383745,0.0967407859616256,1.2420695363512,1.35590277777778,0.336448598130841,0.407407407407408,0.386420906888197,HSV2
10000,107,0.975,0.975,0.39,0.0921,0.0864314601540021,0.0977685398459979,1.2385420301139,1.35590277777778,0.336448598130841,0.407407407407408,0.385746798200069,HSV2
10000,107,0.975,0.975,0.4,0.0847,0.0792418455978621,0.0901581544021379,1.23502225787235,1.35590277777778,0.336448598130841,0.407407407407408,0.385072689511942,HSV2
10000,107,0.975,0.975,0.41,0.0846,0.0791447706226032,0.0900552293773968,1.23151019421942,1.35590277777778,0.336448598130841,0.407407407407408,0.384398580823815,HSV2
10000,107,0.975,0.975,0.42,0.0853,0.0798243429995585,0.0907756570004416,1.22800581385915,1.35590277777778,0.336448598130841,0.407407407407408,0.383724472135687,HSV2
10000,107,0.975,0.975,0.43,0.0822,0.0768156619836314,0.0875843380163686,1.22450909160616,1.35590277777778,0.336448598130841,0.407407407407408,0.38305036344756,HSV2
10000,107,0.975,0.975,0.44,0.0818,0.0764276082108318,0.0871723917891682,1.22102000238498,1.35590277777778,0.336448598130841,0.407407407407408,0.382376254759432,HSV2
10000,107,0.975,0.975,0.45,0.0831,0.0776889209457848,0.0885110790542152,1.21753852122954,1.35590277777778,0.336448598130841,0.407407407407408,0.381702146071305,HSV2
10000,107,0.975,0.975,0.46,0.0787,0.0734215029595205,0.0839784970404795,1.2140646232825,1.35590277777778,0.336448598130841,0.407407407407408,0.381028037383178,HSV2
10000,107,0.975,0.975,0.47,0.0772,0.0719677941297562,0.0824322058702438,1.21059828379471,1.35590277777778,0.336448598130841,0.407407407407408,0.38035392869505,HSV2
10000,107,0.975,0.975,0.48,0.0761,0.0709021087069417,0.0812978912930583,1.20713947812458,1.35590277777778,0.336448598130841,0.407407407407408,0.379679820006923,HSV2
10000,107,0.975,0.975,0.49,0.0739,0.0687716985957598,0.0790283014042402,1.20368818173753,1.35590277777778,0.336448598130841,0.407407407407408,0.379005711318795,HSV2
10000,107,0.975,0.975,0.5,0.0679,0.0629683923027161,0.0728316076972839,1.2002443702054,1.35590277777778,0.336448598130841,0.407407407407408,0.378331602630668,HSV2
10000,107,0.975,0.975,0.51,0.0676,0.0626785071212974,0.0725214928787026,1.19680801920585,1.35590277777778,0.336448598130841,0.407407407407408,0.377657493942541,HSV2
10000,107,0.975,0.975,0.52,0.069,0.0640315403577111,0.0739684596422889,1.19337910452184,1.35590277777778,0.336448598130841,0.407407407407408,0.376983385254413,HSV2
10000,107,0.975,0.975,0.53,0.0693,0.0643215533799298,0.0742784466200702,1.189957602041,1.35590277777778,0.336448598130841,0.407407407407408,0.376309276566286,HSV2
10000,107,0.975,0.975,0.54,0.0633,0.0585266366336084,0.0680733633663916,1.1865434877551,1.35590277777778,0.336448598130841,0.407407407407408,0.375635167878159,HSV2
10000,107,0.975,0.975,0.55,0.0628,0.0580442573819094,0.0675557426180906,1.1831367377595,1.35590277777778,0.336448598130841,0.407407407407408,0.374961059190031,HSV2
10000,107,0.975,0.975,0.56,0.0677,0.0627751324265929,0.0726248675734071,1.17973732825256,1.35590277777778,0.336448598130841,0.407407407407408,0.374286950501904,HSV2
10000,107,0.975,0.975,0.57,0.0594,0.0547664047995991,0.0640335952004009,1.17634523553509,1.35590277777778,0.336448598130841,0.407407407407408,0.373612841813776,HSV2
10000,107,0.975,0.975,0.58,0.0592,0.0545737202771609,0.0638262797228392,1.17296043600982,1.35590277777778,0.336448598130841,0.407407407407408,0.372938733125649,HSV2
10000,107,0.975,0.975,0.59,0.0594,0.0547664047995991,0.0640335952004009,1.16958290618085,1.35590277777778,0.336448598130841,0.407407407407408,0.372264624437522,HSV2
10000,107,0.975,0.975,0.6,0.0603,0.0556336678344617,0.0649663321655383,1.16621262265309,1.35590277777778,0.336448598130841,0.407407407407408,0.371590515749394,HSV2
10000,107,0.975,0.975,0.61,0.0534,0.0489926630020571,0.057807336997943,1.16284956213172,1.35590277777778,0.336448598130841,0.407407407407408,0.370916407061267,HSV2
10000,107,0.975,0.975,0.62,0.0545,0.0500500882483676,0.0589499117516324,1.15949370142168,1.35590277777778,0.336448598130841,0.407407407407408,0.37024229837314,HSV2
10000,107,0.975,0.975,0.63,0.0539,0.0494732470592546,0.0583267529407454,1.1561450174271,1.35590277777778,0.336448598130841,0.407407407407408,0.369568189685012,HSV2
10000,107,0.975,0.975,0.64,0.0561,0.0515890625580812,0.0606109374419188,1.1528034871508,1.35590277777778,0.336448598130841,0.407407407407408,0.368894080996885,HSV2
10000,107,0.975,0.975,0.65,0.0542,0.049761648652617,0.058638351347383,1.14946908769375,1.35590277777778,0.336448598130841,0.407407407407408,0.368219972308757,HSV2
10000,107,0.975,0.975,0.66,0.0484,0.0441930022655904,0.0526069977344096,1.14614179625454,1.35590277777778,0.336448598130841,0.407407407407408,0.36754586362063,HSV2
10000,107,0.975,0.975,0.67,0.0531,0.048704364223926,0.057495635776074,1.14282159012888,1.35590277777778,0.336448598130841,0.407407407407408,0.366871754932503,HSV2
10000,107,0.975,0.975,0.68,0.0502,0.0459195411944359,0.0544804588055641,1.13950844670908,1.35590277777778,0.336448598130841,0.407407407407408,0.366197646244375,HSV2
10000,107,0.975,0.975,0.69,0.0515,0.0471674392322817,0.0558325607677183,1.1362023434835,1.35590277777778,0.336448598130841,0.407407407407408,0.365523537556248,HSV2
10000,107,0.975,0.975,0.7,0.0515,0.0471674392322817,0.0558325607677183,1.1329032580361,1.35590277777778,0.336448598130841,0.407407407407408,0.36484942886812,HSV2
10000,107,0.975,0.975,0.71,0.054,0.0495693766828187,0.0584306233171813,1.12961116804588,1.35590277777778,0.336448598130841,0.407407407407408,0.364175320179993,HSV2
10000,107,0.975,0.975,0.72,0.0482,0.0440012622480247,0.0523987377519753,1.12632605128642,1.35590277777778,0.336448598130841,0.407407407407408,0.363501211491866,HSV2
10000,107,0.975,0.975,0.73,0.0433,0.0393101716143955,0.0472898283856046,1.12304788562535,1.35590277777778,0.336448598130841,0.407407407407408,0.362827102803738,HSV2
10000,107,0.975,0.975,0.74,0.0448,0.0407448348629826,0.0488551651370174,1.11977664902386,1.35590277777778,0.336448598130841,0.407407407407408,0.362152994115611,HSV2
10000,107,0.975,0.975,0.75,0.047,0.04285124527609,0.05114875472391,1.11651231953621,1.35590277777778,0.336448598130841,0.407407407407408,0.361478885427484,HSV2
10000,107,0.975,0.975,0.76,0.0491,0.0448642477481872,0.0533357522518128,1.11325487530923,1.35590277777778,0.336448598130841,0.407407407407408,0.360804776739356,HSV2
10000,107,0.975,0.975,0.77,0.0446,0.0405534731309844,0.0486465268690156,1.11000429458187,1.35590277777778,0.336448598130841,0.407407407407408,0.360130668051229,HSV2
10000,107,0.975,0.975,0.78,0.0434,0.0394057758456914,0.0473942241543086,1.10676055568465,1.35590277777778,0.336448598130841,0.407407407407408,0.359456559363101,HSV2
10000,107,0.975,0.975,0.79,0.0434,0.0394057758456914,0.0473942241543086,1.10352363703923,1.35590277777778,0.336448598130841,0.407407407407408,0.358782450674974,HSV2
10000,107,0.975,0.975,0.8,0.0423,0.0383544522105727,0.0462455477894273,1.10029351715791,1.35590277777778,0.336448598130841,0.407407407407408,0.358108341986847,HSV2
10000,107,0.975,0.975,0.81,0.0439,0.0398838835234652,0.0479161164765348,1.09707017464317,1.35590277777778,0.336448598130841,0.407407407407408,0.357434233298719,HSV2
10000,107,0.975,0.975,0.82,0.0429,0.0389278130081823,0.0468721869918177,1.09385358818718,1.35590277777778,0.336448598130841,0.407407407407408,0.356760124610592,HSV2
10000,107,0.975,0.975,0.83,0.041,0.0371129188038904,0.0448870811961096,1.09064373657134,1.35590277777778,0.336448598130841,0.407407407407408,0.356086015922465,HSV2
10000,107,0.975,0.975,0.84,0.037,0.0332997046816883,0.0407002953183117,1.08744059866581,1.35590277777778,0.336448598130841,0.407407407407408,0.355411907234337,HSV2
10000,107,0.975,0.975,0.85,0.0376,0.0338709851722163,0.0413290148277837,1.08424415342904,1.35590277777778,0.336448598130841,0.407407407407408,0.35473779854621,HSV2
10000,107,0.975,0.975,0.86,0.0398,0.0359678299930406,0.0436321700069594,1.08105437990734,1.35590277777778,0.336448598130841,0.407407407407408,0.354063689858082,HSV2
10000,107,0.975,0.975,0.87,0.0399,0.0360632185357185,0.0437367814642815,1.07787125723438,1.35590277777778,0.336448598130841,0.407407407407408,0.353389581169955,HSV2
10000,107,0.975,0.975,0.88,0.0397,0.035872448010245,0.043527551989755,1.07469476463075,1.35590277777778,0.336448598130841,0.407407407407408,0.352715472481828,HSV2
10000,107,0.975,0.975,0.89,0.0364,0.032728686526605,0.040071313473395,1.07152488140354,1.35590277777778,0.336448598130841,0.407407407407408,0.3520413637937,HSV2
10000,107,0.975,0.975,0.9,0.0359,0.0322530429695778,0.0395469570304222,1.06836158694582,1.35590277777778,0.336448598130841,0.407407407407408,0.351367255105573,HSV2
10000,107,0.975,0.975,0.91,0.0377,0.033966223666277,0.041433776333723,1.06520486073628,1.35590277777778,0.336448598130841,0.407407407407408,0.350693146417445,HSV2
10000,107,0.975,0.975,0.92,0.0374,0.0336805295699101,0.0411194704300899,1.06205468233871,1.35590277777778,0.336448598130841,0.407407407407408,0.350019037729318,HSV2
10000,107,0.975,0.975,0.93,0.0355,0.031872664943604,0.039127335056396,1.05891103140161,1.35590277777778,0.336448598130841,0.407407407407408,0.349344929041191,HSV2
10000,107,0.975,0.975,0.94,0.0415,0.0375903085225345,0.0454096914774655,1.05577388765773,1.35590277777778,0.336448598130841,0.407407407407408,0.348670820353063,HSV2
10000,107,0.975,0.975,0.95,0.0396,0.0357770726111043,0.0434229273888957,1.05264323092362,1.35590277777778,0.336448598130841,0.407407407407408,0.347996711664936,HSV2
10000,107,0.975,0.975,0.96,0.0376,0.0338709851722163,0.0413290148277837,1.04951904109924,1.35590277777778,0.336448598130841,0.407407407407408,0.347322602976808,HSV2
10000,107,0.975,0.975,0.97,0.0384,0.0346330902073397,0.0421669097926603,1.04640129816749,1.35590277777778,0.336448598130841,0.407407407407408,0.346648494288681,HSV2
10000,107,0.975,0.975,0.98,0.0357,0.0320628386112731,0.0393371613887269,1.04328998219381,1.35590277777778,0.336448598130841,0.407407407407408,0.345974385600554,HSV2
10000,107,0.975,0.975,0.99,0.0375,0.033775753797633,0.041224246202367,1.04018507332572,1.35590277777778,0.336448598130841,0.407407407407408,0.345300276912426,HSV2
10000,107,0.975,0.975,1,0.0385,0.0347283846927202,0.0422716153072798,1.03708655179243,1.35590277777778,0.336448598130841,0.407407407407408,0.344626168224299,HSV2
10000,107,0.975,0.975,0,0.0255,0.0224098227381468,0.0285901772618532,0.450443786982246,0.749999999999999,0.97196261682243,0.962962962962963,0.939814814814815,VZV
10000,107,0.975,0.975,0.01,0.022,0.0191245676898285,0.0248754323101715,0.451125616038532,0.749999999999999,0.97196261682243,0.962962962962963,0.93990031152648,VZV
10000,107,0.975,0.975,0.02,0.0228,0.0198739514131388,0.0257260485868612,0.45180938777339,0.749999999999999,0.97196261682243,0.962962962962963,0.939985808238145,VZV
10000,107,0.975,0.975,0.03,0.0247,0.0216574342693323,0.0277425657306677,0.452495110501335,0.749999999999999,0.97196261682243,0.962962962962963,0.94007130494981,VZV
10000,107,0.975,0.975,0.04,0.0239,0.0209058849276934,0.0268941150723066,0.453182792584395,0.749999999999999,0.97196261682243,0.962962962962963,0.940156801661475,VZV
10000,107,0.975,0.975,0.05,0.0228,0.0198739514131388,0.0257260485868612,0.45387244243245,0.749999999999999,0.97196261682243,0.962962962962963,0.940242298373139,VZV
10000,107,0.975,0.975,0.06,0.0259,0.0227863195895086,0.0290136804104914,0.454564068503583,0.749999999999999,0.97196261682243,0.962962962962963,0.940327795084804,VZV
10000,107,0.975,0.975,0.07,0.0232,0.0202490000744319,0.0261509999255681,0.455257679304417,0.749999999999999,0.97196261682243,0.962962962962963,0.940413291796469,VZV
10000,107,0.975,0.975,0.08,0.0242,0.0211876150407825,0.0272123849592175,0.455953283390469,0.749999999999999,0.97196261682243,0.962962962962963,0.940498788508134,VZV
10000,107,0.975,0.975,0.09,0.0208,0.0180023733877889,0.0235976266122111,0.456650889366499,0.749999999999999,0.97196261682243,0.962962962962963,0.940584285219799,VZV
10000,107,0.975,0.975,0.1,0.0247,0.0216574342693323,0.0277425657306677,0.457350505886866,0.749999999999999,0.97196261682243,0.962962962962963,0.940669781931464,VZV
10000,107,0.975,0.975,0.11,0.025,0.0219394837284172,0.0280605162715828,0.458052141655886,0.749999999999999,0.97196261682243,0.962962962962963,0.940755278643129,VZV
10000,107,0.975,0.975,0.12,0.0219,0.0190309635388981,0.0247690364611019,0.458755805428195,0.749999999999999,0.97196261682243,0.962962962962963,0.940840775354794,VZV
10000,107,0.975,0.975,0.13,0.0253,0.022221649093769,0.028378350906231,0.459461506009105,0.749999999999999,0.97196261682243,0.962962962962963,0.940926272066459,VZV
10000,107,0.975,0.975,0.14,0.0259,0.0227863195895086,0.0290136804104914,0.460169252254988,0.749999999999999,0.97196261682243,0.962962962962963,0.941011768778124,VZV
10000,107,0.975,0.975,0.15,0.0216,0.0187502453024665,0.0244497546975335,0.460879053073623,0.749999999999999,0.97196261682243,0.962962962962963,0.941097265489789,VZV
10000,107,0.975,0.975,0.16,0.0222,0.0193118224735604,0.0250881775264397,0.461590917424586,0.749999999999999,0.97196261682243,0.962962962962963,0.941182762201454,VZV
10000,107,0.975,0.975,0.17,0.0238,0.0208120022864213,0.0267879977135787,0.462304854319634,0.749999999999999,0.97196261682243,0.962962962962963,0.941268258913119,VZV
10000,107,0.975,0.975,0.18,0.0219,0.0190309635388981,0.0247690364611019,0.46302087282306,0.749999999999999,0.97196261682243,0.962962962962963,0.941353755624784,VZV
10000,107,0.975,0.975,0.19,0.0266,0.0234456573369571,0.0297543426630429,0.4637389820521,0.749999999999999,0.97196261682243,0.962962962962963,0.941439252336449,VZV
10000,107,0.975,0.975,0.2,0.0225,0.0195928193273532,0.0254071806726468,0.464459191177306,0.749999999999999,0.97196261682243,0.962962962962963,0.941524749048114,VZV
10000,107,0.975,0.975,0.21,0.0219,0.0190309635388981,0.0247690364611019,0.465181509422948,0.749999999999999,0.97196261682243,0.962962962962963,0.941610245759779,VZV
10000,107,0.975,0.975,0.22,0.0227,0.019780225854317,0.025619774145683,0.465905946067394,0.749999999999999,0.97196261682243,0.962962962962963,0.941695742471443,VZV
10000,107,0.975,0.975,0.23,0.0219,0.0190309635388981,0.0247690364611019,0.466632510443525,0.749999999999999,0.97196261682243,0.962962962962963,0.941781239183108,VZV
10000,107,0.975,0.975,0.24,0.0211,0.0182827020935857,0.0239172979064143,0.467361211939113,0.749999999999999,0.97196261682243,0.962962962962963,0.941866735894773,VZV
10000,107,0.975,0.975,0.25,0.0218,0.018937375020311,0.024662624979689,0.468092059997246,0.749999999999999,0.97196261682243,0.962962962962963,0.941952232606438,VZV
10000,107,0.975,0.975,0.26,0.0229,0.0199676917082271,0.0258323082917729,0.468825064116727,0.749999999999999,0.97196261682243,0.962962962962963,0.942037729318103,VZV
10000,107,0.975,0.975,0.27,0.0238,0.0208120022864213,0.0267879977135787,0.469560233852483,0.749999999999999,0.97196261682243,0.962962962962963,0.942123226029768,VZV
10000,107,0.975,0.975,0.28,0.0196,0.0168826094072395,0.0223173905927605,0.470297578815987,0.749999999999999,0.97196261682243,0.962962962962963,0.942208722741433,VZV
10000,107,0.975,0.975,0.29,0.0214,0.0185631793931052,0.0242368206068948,0.471037108675669,0.749999999999999,0.97196261682243,0.962962962962963,0.942294219453098,VZV
10000,107,0.975,0.975,0.3,0.024,0.0209997813228818,0.0270002186771182,0.471778833157349,0.749999999999999,0.97196261682243,0.962962962962963,0.942379716164763,VZV
10000,107,0.975,0.975,0.31,0.0232,0.0202490000744319,0.0261509999255681,0.472522762044654,0.749999999999999,0.97196261682243,0.962962962962963,0.942465212876428,VZV
10000,107,0.975,0.975,0.32,0.0221,0.0192181873690196,0.0249818126309804,0.473268905179448,0.749999999999999,0.97196261682243,0.962962962962963,0.942550709588093,VZV
10000,107,0.975,0.975,0.33,0.0226,0.0196865151269694,0.0255134848730306,0.474017272462275,0.749999999999999,0.97196261682243,0.962962962962963,0.942636206299758,VZV
10000,107,0.975,0.975,0.34,0.0239,0.0209058849276934,0.0268941150723066,0.474767873852791,0.749999999999999,0.97196261682243,0.962962962962963,0.942721703011423,VZV
10000,107,0.975,0.975,0.35,0.0233,0.0203427983829566,0.0262572016170434,0.475520719370199,0.749999999999999,0.97196261682243,0.962962962962963,0.942807199723087,VZV
10000,107,0.975,0.975,0.36,0.0234,0.0204366109669099,0.0263633890330901,0.476275819093713,0.749999999999999,0.97196261682243,0.962962962962963,0.942892696434753,VZV
10000,107,0.975,0.975,0.37,0.0222,0.0193118224735604,0.0250881775264397,0.477033183162991,0.749999999999999,0.97196261682243,0.962962962962963,0.942978193146418,VZV
10000,107,0.975,0.975,0.38,0.0211,0.0182827020935857,0.0239172979064143,0.477792821778588,0.749999999999999,0.97196261682243,0.962962962962963,0.943063689858082,VZV
10000,107,0.975,0.975,0.39,0.0211,0.0182827020935857,0.0239172979064143,0.478554745202434,0.749999999999999,0.97196261682243,0.962962962962963,0.943149186569747,VZV
10000,107,0.975,0.975,0.4,0.0235,0.0205304377370585,0.0264695622629416,0.479318963758275,0.749999999999999,0.97196261682243,0.962962962962963,0.943234683281412,VZV
10000,107,0.975,0.975,0.41,0.0228,0.0198739514131388,0.0257260485868612,0.480085487832146,0.749999999999999,0.97196261682243,0.962962962962963,0.943320179993077,VZV
10000,107,0.975,0.975,0.42,0.0224,0.019499138552792,0.025300861447208,0.480854327872845,0.749999999999999,0.97196261682243,0.962962962962963,0.943405676704742,VZV
10000,107,0.975,0.975,0.43,0.023,0.0200614466454085,0.0259385533545915,0.481625494392409,0.749999999999999,0.97196261682243,0.962962962962963,0.943491173416407,VZV
10000,107,0.975,0.975,0.44,0.0242,0.0211876150407825,0.0272123849592175,0.48239899796658,0.749999999999999,0.97196261682243,0.962962962962963,0.943576670128072,VZV
10000,107,0.975,0.975,0.45,0.0221,0.0192181873690196,0.0249818126309804,0.483174849235304,0.749999999999999,0.97196261682243,0.962962962962963,0.943662166839737,VZV
10000,107,0.975,0.975,0.46,0.0246,0.0215634438948138,0.0276365561051862,0.483953058903215,0.749999999999999,0.97196261682243,0.962962962962963,0.943747663551402,VZV
10000,107,0.975,0.975,0.47,0.0222,0.0193118224735604,0.0250881775264397,0.48473363774012,0.749999999999999,0.97196261682243,0.962962962962963,0.943833160263067,VZV
10000,107,0.975,0.975,0.48,0.021,0.0181892425276589,0.0238107574723411,0.485516596581502,0.749999999999999,0.97196261682243,0.962962962962963,0.943918656974732,VZV
10000,107,0.975,0.975,0.49,0.023,0.0200614466454085,0.0259385533545915,0.48630194632902,0.749999999999999,0.97196261682243,0.962962962962963,0.944004153686397,VZV
10000,107,0.975,0.975,0.5,0.0224,0.019499138552792,0.025300861447208,0.487089697951019,0.749999999999999,0.97196261682243,0.962962962962963,0.944089650398062,VZV
10000,107,0.975,0.975,0.51,0.0258,0.0226921768583546,0.0289078231416454,0.48787986248303,0.749999999999999,0.97196261682243,0.962962962962963,0.944175147109726,VZV
10000,107,0.975,0.975,0.52,0.0232,0.0202490000744319,0.0261509999255681,0.4886724510283,0.749999999999999,0.97196261682243,0.962962962962963,0.944260643821391,VZV
10000,107,0.975,0.975,0.53,0.0201,0.0173488688885767,0.0228511311114233,0.489467474758298,0.749999999999999,0.97196261682243,0.962962962962963,0.944346140533056,VZV
10000,107,0.975,0.975,0.54,0.0215,0.0186567043174018,0.0243432956825982,0.490264944913249,0.749999999999999,0.97196261682243,0.962962962962963,0.944431637244722,VZV
10000,107,0.975,0.975,0.55,0.0232,0.0202490000744319,0.0261509999255681,0.491064872802658,0.749999999999999,0.97196261682243,0.962962962962963,0.944517133956386,VZV
10000,107,0.975,0.975,0.56,0.0212,0.0183761781690225,0.0240238218309775,0.491867269805855,0.749999999999999,0.97196261682243,0.962962962962963,0.944602630668051,VZV
10000,107,0.975,0.975,0.57,0.0232,0.0202490000744319,0.0261509999255681,0.492672147372515,0.749999999999999,0.97196261682243,0.962962962962963,0.944688127379716,VZV
10000,107,0.975,0.975,0.58,0.0254,0.0223157296246021,0.0284842703753979,0.493479517023224,0.749999999999999,0.97196261682243,0.962962962962963,0.944773624091381,VZV
10000,107,0.975,0.975,0.59,0.0236,0.020624278605113,0.026575721394887,0.494289390350016,0.749999999999999,0.97196261682243,0.962962962962963,0.944859120803046,VZV
10000,107,0.975,0.975,0.6,0.0224,0.019499138552792,0.025300861447208,0.495101779016932,0.749999999999999,0.97196261682243,0.962962962962963,0.944944617514711,VZV
10000,107,0.975,0.975,0.61,0.0227,0.019780225854317,0.025619774145683,0.49591669476058,0.749999999999999,0.97196261682243,0.962962962962963,0.945030114226376,VZV
10000,107,0.975,0.975,0.62,0.0258,0.0226921768583546,0.0289078231416454,0.496734149390696,0.749999999999999,0.97196261682243,0.962962962962963,0.945115610938041,VZV
10000,107,0.975,0.975,0.63,0.0238,0.0208120022864213,0.0267879977135787,0.497554154790721,0.749999999999999,0.97196261682243,0.962962962962963,0.945201107649706,VZV
10000,107,0.975,0.975,0.64,0.0198,0.0170690589545525,0.0225309410454475,0.498376722918372,0.749999999999999,0.97196261682243,0.962962962962963,0.945286604361371,VZV
10000,107,0.975,0.975,0.65,0.0259,0.0227863195895086,0.0290136804104914,0.499201865806224,0.749999999999999,0.97196261682243,0.962962962962963,0.945372101073036,VZV
10000,107,0.975,0.975,0.66,0.0223,0.0194054729016923,0.0251945270983077,0.500029595562298,0.749999999999999,0.97196261682243,0.962962962962963,0.945457597784701,VZV
10000,107,0.975,0.975,0.67,0.0217,0.0188438022393399,0.0245561977606601,0.500859924370659,0.749999999999999,0.97196261682243,0.962962962962963,0.945543094496366,VZV
10000,107,0.975,0.975,0.68,0.0226,0.0196865151269694,0.0255134848730306,0.501692864491996,0.749999999999999,0.97196261682243,0.962962962962963,0.945628591208031,VZV
10000,107,0.975,0.975,0.69,0.0253,0.022221649093769,0.028378350906231,0.502528428264246,0.749999999999999,0.97196261682243,0.962962962962963,0.945714087919695,VZV
10000,107,0.975,0.975,0.7,0.023,0.0200614466454085,0.0259385533545915,0.503366628103191,0.749999999999999,0.97196261682243,0.962962962962963,0.94579958463136,VZV
10000,107,0.975,0.975,0.71,0.0219,0.0190309635388981,0.0247690364611019,0.504207476503078,0.749999999999999,0.97196261682243,0.962962962962963,0.945885081343025,VZV
10000,107,0.975,0.975,0.72,0.0238,0.0208120022864213,0.0267879977135787,0.505050986037237,0.749999999999999,0.97196261682243,0.962962962962963,0.94597057805469,VZV
10000,107,0.975,0.975,0.73,0.0259,0.0227863195895086,0.0290136804104914,0.505897169358707,0.749999999999999,0.97196261682243,0.962962962962963,0.946056074766355,VZV
10000,107,0.975,0.975,0.74,0.0235,0.0205304377370585,0.0264695622629416,0.506746039200874,0.749999999999999,0.97196261682243,0.962962962962963,0.94614157147802,VZV
10000,107,0.975,0.975,0.75,0.0239,0.0209058849276934,0.0268941150723066,0.507597608378104,0.749999999999999,0.97196261682243,0.962962962962963,0.946227068189685,VZV
10000,107,0.975,0.975,0.76,0.0215,0.0186567043174018,0.0243432956825982,0.508451889786389,0.749999999999999,0.97196261682243,0.962962962962963,0.94631256490135,VZV
10000,107,0.975,0.975,0.77,0.0236,0.020624278605113,0.026575721394887,0.509308896404004,0.749999999999999,0.97196261682243,0.962962962962963,0.946398061613015,VZV
10000,107,0.975,0.975,0.78,0.0254,0.0223157296246021,0.0284842703753979,0.510168641292151,0.749999999999999,0.97196261682243,0.962962962962963,0.94648355832468,VZV
10000,107,0.975,0.975,0.79,0.0255,0.0224098227381468,0.0285901772618532,0.51103113759564,0.749999999999999,0.97196261682243,0.962962962962963,0.946569055036345,VZV
10000,107,0.975,0.975,0.8,0.0215,0.0186567043174018,0.0243432956825982,0.511896398543543,0.749999999999999,0.97196261682243,0.962962962962963,0.94665455174801,VZV
10000,107,0.975,0.975,0.81,0.0215,0.0186567043174018,0.0243432956825982,0.512764437449881,0.749999999999999,0.97196261682243,0.962962962962963,0.946740048459675,VZV
10000,107,0.975,0.975,0.82,0.0246,0.0215634438948138,0.0276365561051862,0.513635267714298,0.749999999999999,0.97196261682243,0.962962962962963,0.946825545171339,VZV
10000,107,0.975,0.975,0.83,0.0247,0.0216574342693323,0.0277425657306677,0.514508902822762,0.749999999999999,0.97196261682243,0.962962962962963,0.946911041883005,VZV
10000,107,0.975,0.975,0.84,0.0227,0.019780225854317,0.025619774145683,0.515385356348248,0.749999999999999,0.97196261682243,0.962962962962963,0.94699653859467,VZV
10000,107,0.975,0.975,0.85,0.0204,0.0176288383986398,0.0231711616013602,0.516264641951455,0.749999999999999,0.97196261682243,0.962962962962963,0.947082035306335,VZV
10000,107,0.975,0.975,0.86,0.0251,0.0220335260718659,0.0281664739281341,0.517146773381499,0.749999999999999,0.97196261682243,0.962962962962963,0.947167532017999,VZV
10000,107,0.975,0.975,0.87,0.0251,0.0220335260718659,0.0281664739281341,0.518031764476647,0.749999999999999,0.97196261682243,0.962962962962963,0.947253028729664,VZV
10000,107,0.975,0.975,0.88,0.0235,0.0205304377370585,0.0264695622629416,0.518919629165028,0.749999999999999,0.97196261682243,0.962962962962963,0.947338525441329,VZV
10000,107,0.975,0.975,0.89,0.0237,0.0207181334837148,0.0266818665162852,0.519810381465373,0.749999999999999,0.97196261682243,0.962962962962963,0.947424022152994,VZV
10000,107,0.975,0.975,0.9,0.0248,0.0217514377511069,0.0278485622488931,0.52070403548774,0.749999999999999,0.97196261682243,0.962962962962963,0.947509518864659,VZV
10000,107,0.975,0.975,0.91,0.023,0.0200614466454085,0.0259385533545915,0.521600605434275,0.749999999999999,0.97196261682243,0.962962962962963,0.947595015576324,VZV
10000,107,0.975,0.975,0.92,0.0245,0.0214694667055273,0.0275305332944727,0.522500105599951,0.749999999999999,0.97196261682243,0.962962962962963,0.947680512287989,VZV
10000,107,0.975,0.975,0.93,0.025,0.0219394837284172,0.0280605162715828,0.523402550373339,0.749999999999999,0.97196261682243,0.962962962962963,0.947766008999654,VZV
10000,107,0.975,0.975,0.94,0.0274,0.0241998908273218,0.0306001091726782,0.524307954237362,0.749999999999999,0.97196261682243,0.962962962962963,0.947851505711319,VZV
10000,107,0.975,0.975,0.95,0.0256,0.0225039283623848,0.0286960716376152,0.525216331770083,0.749999999999999,0.97196261682243,0.962962962962963,0.947937002422984,VZV
10000,107,0.975,0.975,0.96,0.0248,0.0217514377511069,0.0278485622488931,0.526127697645481,0.749999999999999,0.97196261682243,0.962962962962963,0.948022499134649,VZV
10000,107,0.975,0.975,0.97,0.0255,0.0224098227381468,0.0285901772618532,0.527042066634237,0.749999999999999,0.97196261682243,0.962962962962963,0.948107995846314,VZV
10000,107,0.975,0.975,0.98,0.0251,0.0220335260718659,0.0281664739281341,0.527959453604542,0.749999999999999,0.97196261682243,0.962962962962963,0.948193492557979,VZV
10000,107,0.975,0.975,0.99,0.0243,0.0212815521985305,0.0273184478014695,0.528879873522896,0.749999999999999,0.97196261682243,0.962962962962963,0.948278989269643,VZV
10000,107,0.975,0.975,1,0.0264,0.0232572153255218,0.0295427846744782,0.529803341454923,0.749999999999999,0.97196261682243,0.962962962962963,0.948364485981308,VZV
10000,107,0.975,0.975,0,0.0449,0.0408405240420014,0.0489594759579986,0.765460030165911,1.27450980392157,0.953271028037383,0.962962962962963,0.939814814814815,HHV6
10000,107,0.975,0.975,0.01,0.041,0.0371129188038904,0.0448870811961096,0.764215914284469,1.27450980392157,0.953271028037383,0.962962962962963,0.939722741433022,HHV6
10000,107,0.975,0.975,0.02,0.0456,0.0415105018383814,0.0496894981616186,0.76297559337484,1.27450980392157,0.953271028037383,0.962962962962963,0.939630668051229,HHV6
10000,107,0.975,0.975,0.03,0.0433,0.0393101716143955,0.0472898283856046,0.761739050099554,1.27450980392157,0.953271028037383,0.962962962962963,0.939538594669436,HHV6
10000,107,0.975,0.975,0.04,0.0414,0.0374948181379997,0.0453051818620003,0.760506267226593,1.27450980392157,0.953271028037383,0.962962962962963,0.939446521287642,HHV6
10000,107,0.975,0.975,0.05,0.0394,0.0355863416596248,0.0432136583403752,0.759277227628587,1.27450980392157,0.953271028037383,0.962962962962963,0.939354447905849,HHV6
10000,107,0.975,0.975,0.06,0.04,0.0361586136146539,0.0438413863853462,0.758051914282022,1.27450980392157,0.953271028037383,0.962962962962963,0.939262374524057,HHV6
10000,107,0.975,0.975,0.07,0.0394,0.0355863416596248,0.0432136583403752,0.756830310266444,1.27450980392157,0.953271028037383,0.962962962962963,0.939170301142263,HHV6
10000,107,0.975,0.975,0.08,0.0412,0.0373038559868358,0.0450961440131642,0.755612398763703,1.27450980392157,0.953271028037383,0.962962962962963,0.939078227760471,HHV6
10000,107,0.975,0.975,0.09,0.0378,0.0340614692526124,0.0415385307473876,0.754398163057155,1.27450980392157,0.953271028037383,0.962962962962963,0.938986154378678,HHV6
10000,107,0.975,0.975,0.1,0.0404,0.0365402588255776,0.0442597411744224,0.753187586530918,1.27450980392157,0.953271028037383,0.962962962962963,0.938894080996885,HHV6
10000,107,0.975,0.975,0.11,0.0383,0.0345378026287252,0.0420621973712748,0.751980652669098,1.27450980392157,0.953271028037383,0.962962962962963,0.938802007615091,HHV6
10000,107,0.975,0.975,0.12,0.0391,0.035300295212779,0.042899704787221,0.750777345055051,1.27450980392157,0.953271028037383,0.962962962962963,0.938709934233298,HHV6
10000,107,0.975,0.975,0.13,0.0401,0.0362540152063685,0.0439459847936315,0.749577647370634,1.27450980392157,0.953271028037383,0.962962962962963,0.938617860851505,HHV6
10000,107,0.975,0.975,0.14,0.0401,0.0362540152063685,0.0439459847936315,0.748381543395461,1.27450980392157,0.953271028037383,0.962962962962963,0.938525787469712,HHV6
10000,107,0.975,0.975,0.15,0.0403,0.0364448378349479,0.0441551621650521,0.747189017006179,1.27450980392157,0.953271028037383,0.962962962962963,0.938433714087919,HHV6
10000,107,0.975,0.975,0.16,0.0399,0.0360632185357185,0.0437367814642815,0.746000052175745,1.27450980392157,0.953271028037383,0.962962962962963,0.938341640706126,HHV6
10000,107,0.975,0.975,0.17,0.0391,0.035300295212779,0.042899704787221,0.744814632972704,1.27450980392157,0.953271028037383,0.962962962962963,0.938249567324333,HHV6
10000,107,0.975,0.975,0.18,0.036,0.0323481565805095,0.0396518434194905,0.743632743560474,1.27450980392157,0.953271028037383,0.962962962962963,0.93815749394254,HHV6
10000,107,0.975,0.975,0.19,0.037,0.0332997046816883,0.0407002953183117,0.742454368196654,1.27450980392157,0.953271028037383,0.962962962962963,0.938065420560747,HHV6
10000,107,0.975,0.975,0.2,0.036,0.0323481565805095,0.0396518434194905,0.741279491232304,1.27450980392157,0.953271028037383,0.962962962962963,0.937973347178954,HHV6
10000,107,0.975,0.975,0.21,0.039,0.0352049598232374,0.0427950401767626,0.740108097111274,1.27450980392157,0.953271028037383,0.962962962962963,0.937881273797161,HHV6
10000,107,0.975,0.975,0.22,0.0352,0.0315874625350966,0.0388125374649034,0.738940170369504,1.27450980392157,0.953271028037383,0.962962962962963,0.937789200415368,HHV6
10000,107,0.975,0.975,0.23,0.038,0.0342519815941877,0.0417480184058123,0.737775695634352,1.27450980392157,0.953271028037383,0.962962962962963,0.937697127033575,HHV6
10000,107,0.975,0.975,0.24,0.0327,0.029213602906466,0.036186397093534,0.736614657623907,1.27450980392157,0.953271028037383,0.962962962962963,0.937605053651783,HHV6
10000,107,0.975,0.975,0.25,0.0371,0.0333949000444742,0.0408050999555258,0.735457041146328,1.27450980392157,0.953271028037383,0.962962962962963,0.937512980269989,HHV6
10000,107,0.975,0.975,0.26,0.0383,0.0345378026287252,0.0420621973712748,0.734302831099199,1.27450980392157,0.953271028037383,0.962962962962963,0.937420906888196,HHV6
10000,107,0.975,0.975,0.27,0.037,0.0332997046816883,0.0407002953183117,0.733152012468829,1.27450980392157,0.953271028037383,0.962962962962963,0.937328833506403,HHV6
10000,107,0.975,0.975,0.28,0.0359,0.0322530429695778,0.0395469570304222,0.732004570329646,1.27450980392157,0.953271028037383,0.962962962962963,0.93723676012461,HHV6
10000,107,0.975,0.975,0.29,0.038,0.0342519815941877,0.0417480184058123,0.730860489843525,1.27450980392157,0.953271028037383,0.962962962962963,0.937144686742817,HHV6
10000,107,0.975,0.975,0.3,0.0364,0.032728686526605,0.040071313473395,0.729719756259162,1.27450980392157,0.953271028037383,0.962962962962963,0.937052613361024,HHV6
10000,107,0.975,0.975,0.31,0.0371,0.0333949000444742,0.0408050999555258,0.728582354911425,1.27450980392157,0.953271028037383,0.962962962962963,0.936960539979231,HHV6
10000,107,0.975,0.975,0.32,0.0355,0.031872664943604,0.039127335056396,0.72744827122074,1.27450980392157,0.953271028037383,0.962962962962963,0.936868466597438,HHV6
10000,107,0.975,0.975,0.33,0.0366,0.0329189963819115,0.0402810036180885,0.726317490692464,1.27450980392157,0.953271028037383,0.962962962962963,0.936776393215645,HHV6
10000,107,0.975,0.975,0.34,0.0358,0.0321579369695914,0.0394420630304086,0.725189998916267,1.27450980392157,0.953271028037383,0.962962962962963,0.936684319833852,HHV6
10000,107,0.975,0.975,0.35,0.0323,0.0288342756928084,0.0357657243071916,0.724065781565515,1.27450980392157,0.953271028037383,0.962962962962963,0.936592246452059,HHV6
10000,107,0.975,0.975,0.36,0.0351,0.0314924106840955,0.0387075893159045,0.722944824396663,1.27450980392157,0.953271028037383,0.962962962962963,0.936500173070266,HHV6
10000,107,0.975,0.975,0.37,0.0357,0.0320628386112731,0.0393371613887269,0.721827113248671,1.27450980392157,0.953271028037383,0.962962962962963,0.936408099688473,HHV6
10000,107,0.975,0.975,0.38,0.0375,0.033775753797633,0.041224246202367,0.720712634042384,1.27450980392157,0.953271028037383,0.962962962962963,0.93631602630668,HHV6
10000,107,0.975,0.975,0.39,0.0367,0.0330141624267631,0.0403858375732369,0.719601372779952,1.27450980392157,0.953271028037383,0.962962962962963,0.936223952924887,HHV6
10000,107,0.975,0.975,0.4,0.0329,0.0294033189392375,0.0363966810607625,0.718493315544249,1.27450980392157,0.953271028037383,0.962962962962963,0.936131879543094,HHV6
10000,107,0.975,0.975,0.41,0.0368,0.0331093358442358,0.0404906641557642,0.717388448498281,1.27450980392157,0.953271028037383,0.962962962962963,0.936039806161301,HHV6
10000,107,0.975,0.975,0.42,0.0326,0.0291187579383162,0.0360812420616838,0.716286757884614,1.27450980392157,0.953271028037383,0.962962962962963,0.935947732779508,HHV6
10000,107,0.975,0.975,0.43,0.0348,0.0312073024383284,0.0383926975616716,0.715188230024815,1.27450980392157,0.953271028037383,0.962962962962963,0.935855659397715,HHV6
10000,107,0.975,0.975,0.44,0.0312,0.0277918653657869,0.0346081346342131,0.714092851318857,1.27450980392157,0.953271028037383,0.962962962962963,0.935763586015922,HHV6
10000,107,0.975,0.975,0.45,0.0312,0.0277918653657869,0.0346081346342131,0.713000608244591,1.27450980392157,0.953271028037383,0.962962962962963,0.935671512634129,HHV6
10000,107,0.975,0.975,0.46,0.0338,0.0302574642038282,0.0373425357961718,0.711911487357165,1.27450980392157,0.953271028037383,0.962962962962963,0.935579439252336,HHV6
10000,107,0.975,0.975,0.47,0.0356,0.0319677479255597,0.0392322520744403,0.710825475288493,1.27450980392157,0.953271028037383,0.962962962962963,0.935487365870543,HHV6
10000,107,0.975,0.975,0.48,0.0344,0.0308272697225782,0.0379727302774218,0.709742558746684,1.27450980392157,0.953271028037383,0.962962962962963,0.93539529248875,HHV6
10000,107,0.975,0.975,0.49,0.034,0.0304473665356489,0.0375526334643511,0.708662724515516,1.27450980392157,0.953271028037383,0.962962962962963,0.935303219106957,HHV6
10000,107,0.975,0.975,0.5,0.0308,0.0274130838758856,0.0341869161241144,0.707585959453903,1.27450980392157,0.953271028037383,0.962962962962963,0.935211145725164,HHV6
10000,107,0.975,0.975,0.51,0.0322,0.028739465961805,0.035660534038195,0.706512250495347,1.27450980392157,0.953271028037383,0.962962962962963,0.935119072343371,HHV6
10000,107,0.975,0.975,0.52,0.0337,0.0301625254762183,0.0372374745237817,0.705441584647413,1.27450980392157,0.953271028037383,0.962962962962963,0.935026998961578,HHV6
10000,107,0.975,0.975,0.53,0.0304,0.0270344544261138,0.0337655455738862,0.704373948991215,1.27450980392157,0.953271028037383,0.962962962962963,0.934934925579785,HHV6
10000,107,0.975,0.975,0.54,0.0311,0.0276971558954371,0.0345028441045629,0.703309330680885,1.27450980392157,0.953271028037383,0.962962962962963,0.934842852197992,HHV6
10000,107,0.975,0.975,0.55,0.0301,0.0267505838650214,0.0334494161349786,0.702247716943067,1.27450980392157,0.953271028037383,0.962962962962963,0.934750778816199,HHV6
10000,107,0.975,0.975,0.56,0.0319,0.0284550903808126,0.0353449096191874,0.7011890950764,1.27450980392157,0.953271028037383,0.962962962962963,0.934658705434406,HHV6
10000,107,0.975,0.975,0.57,0.0288,0.0255215168088073,0.0320784831911927,0.700133452451006,1.27450980392157,0.953271028037383,0.962962962962963,0.934566632052613,HHV6
10000,107,0.975,0.975,0.58,0.0331,0.0295930695123225,0.0366069304876775,0.699080776508003,1.27450980392157,0.953271028037383,0.962962962962963,0.93447455867082,HHV6
10000,107,0.975,0.975,0.59,0.0335,0.0299726730760736,0.0370273269239264,0.698031054758994,1.27450980392157,0.953271028037383,0.962962962962963,0.934382485289027,HHV6
10000,107,0.975,0.975,0.6,0.0318,0.0283603165264474,0.0352396834735527,0.696984274785584,1.27450980392157,0.953271028037383,0.962962962962963,0.934290411907234,HHV6
10000,107,0.975,0.975,0.61,0.0324,0.0289290942922827,0.0358709057077173,0.695940424238881,1.27450980392157,0.953271028037383,0.962962962962963,0.934198338525441,HHV6
10000,107,0.975,0.975,0.62,0.0308,0.0274130838758856,0.0341869161241144,0.694899490839007,1.27450980392157,0.953271028037383,0.962962962962963,0.934106265143648,HHV6
10000,107,0.975,0.975,0.63,0.0341,0.0305423300692529,0.0376576699307471,0.693861462374632,1.27450980392157,0.953271028037383,0.962962962962963,0.934014191761855,HHV6
10000,107,0.975,0.975,0.64,0.0325,0.0290239217205702,0.0359760782794298,0.692826326702479,1.27450980392157,0.953271028037383,0.962962962962963,0.933922118380062,HHV6
10000,107,0.975,0.975,0.65,0.0319,0.0284550903808126,0.0353449096191874,0.691794071746871,1.27450980392157,0.953271028037383,0.962962962962963,0.933830044998269,HHV6
10000,107,0.975,0.975,0.66,0.0275,0.0242942213477463,0.0307057786522537,0.690764685499233,1.27450980392157,0.953271028037383,0.962962962962963,0.933737971616476,HHV6
10000,107,0.975,0.975,0.67,0.0302,0.0268451976234531,0.0335548023765469,0.689738156017661,1.27450980392157,0.953271028037383,0.962962962962963,0.933645898234683,HHV6
10000,107,0.975,0.975,0.68,0.0299,0.0265613858701916,0.0332386141298084,0.688714471426428,1.27450980392157,0.953271028037383,0.962962962962963,0.93355382485289,HHV6
10000,107,0.975,0.975,0.69,0.0297,0.026372227557649,0.033027772442351,0.687693619915546,1.27450980392157,0.953271028037383,0.962962962962963,0.933461751471097,HHV6
10000,107,0.975,0.975,0.7,0.0307,0.027318412147432,0.034081587852568,0.6866755897403,1.27450980392157,0.953271028037383,0.962962962962963,0.933369678089304,HHV6
10000,107,0.975,0.975,0.71,0.0316,0.0281707960735304,0.0350292039264696,0.685660369220809,1.27450980392157,0.953271028037383,0.962962962962963,0.933277604707511,HHV6
10000,107,0.975,0.975,0.72,0.0281,0.0248604377345255,0.0313395622654745,0.684647946741577,1.27450980392157,0.953271028037383,0.962962962962963,0.933185531325718,HHV6
10000,107,0.975,0.975,0.73,0.0279,0.0246716548956895,0.0311283451043105,0.683638310751035,1.27450980392157,0.953271028037383,0.962962962962963,0.933093457943925,HHV6
10000,107,0.975,0.975,0.74,0.0274,0.0241998908273218,0.0306001091726782,0.682631449761127,1.27450980392157,0.953271028037383,0.962962962962963,0.933001384562132,HHV6
10000,107,0.975,0.975,0.75,0.0266,0.0234456573369571,0.0297543426630429,0.681627352346846,1.27450980392157,0.953271028037383,0.962962962962963,0.932909311180339,HHV6
10000,107,0.975,0.975,0.76,0.0311,0.0276971558954371,0.0345028441045629,0.68062600714583,1.27450980392157,0.953271028037383,0.962962962962963,0.932817237798546,HHV6
10000,107,0.975,0.975,0.77,0.0275,0.0242942213477463,0.0307057786522537,0.679627402857912,1.27450980392157,0.953271028037383,0.962962962962963,0.932725164416753,HHV6
10000,107,0.975,0.975,0.78,0.0286,0.0253325838842866,0.0318674161157134,0.678631528244703,1.27450980392157,0.953271028037383,0.962962962962963,0.93263309103496,HHV6
10000,107,0.975,0.975,0.79,0.0296,0.0262776634035805,0.0329223365964195,0.677638372129174,1.27450980392157,0.953271028037383,0.962962962962963,0.932541017653167,HHV6
10000,107,0.975,0.975,0.8,0.0256,0.0225039283623848,0.0286960716376152,0.676647923395231,1.27450980392157,0.953271028037383,0.962962962962963,0.932448944271374,HHV6
10000,107,0.975,0.975,0.81,0.0291,0.0258049946379561,0.0323950053620439,0.675660170987305,1.27450980392157,0.953271028037383,0.962962962962963,0.932356870889581,HHV6
10000,107,0.975,0.975,0.82,0.0274,0.0241998908273218,0.0306001091726782,0.674675103909936,1.27450980392157,0.953271028037383,0.962962962962963,0.932264797507788,HHV6
10000,107,0.975,0.975,0.83,0.0274,0.0241998908273218,0.0306001091726782,0.673692711227372,1.27450980392157,0.953271028037383,0.962962962962963,0.932172724125995,HHV6
10000,107,0.975,0.975,0.84,0.0288,0.0255215168088073,0.0320784831911927,0.672712982063158,1.27450980392157,0.953271028037383,0.962962962962963,0.932080650744202,HHV6
10000,107,0.975,0.975,0.85,0.0267,0.0235398960190445,0.0298601039809556,0.671735905599741,1.27450980392157,0.953271028037383,0.962962962962963,0.931988577362409,HHV6
10000,107,0.975,0.975,0.86,0.0306,0.0272237499660217,0.0339762500339783,0.670761471078057,1.27450980392157,0.953271028037383,0.962962962962963,0.931896503980616,HHV6
10000,107,0.975,0.975,0.87,0.0254,0.0223157296246021,0.0284842703753979,0.669789667797155,1.27450980392157,0.953271028037383,0.962962962962963,0.931804430598823,HHV6
10000,107,0.975,0.975,0.88,0.0283,0.0250492640080959,0.0315507359919041,0.668820485113801,1.27450980392157,0.953271028037383,0.962962962962963,0.93171235721703,HHV6
10000,107,0.975,0.975,0.89,0.0279,0.0246716548956895,0.0311283451043105,0.667853912442077,1.27450980392157,0.953271028037383,0.962962962962963,0.931620283835237,HHV6
10000,107,0.975,0.975,0.9,0.0263,0.0231630121264281,0.0294369878735719,0.666889939253006,1.27450980392157,0.953271028037383,0.962962962962963,0.931528210453444,HHV6
10000,107,0.975,0.975,0.91,0.0273,0.0241055715720452,0.0304944284279549,0.665928555074172,1.27450980392157,0.953271028037383,0.962962962962963,0.931436137071651,HHV6
10000,107,0.975,0.975,0.92,0.0309,0.0275077651063952,0.0342922348936048,0.664969749489333,1.27450980392157,0.953271028037383,0.962962962962963,0.931344063689858,HHV6
10000,107,0.975,0.975,0.93,0.0289,0.0256159990122614,0.0321840009877386,0.664013512138051,1.27450980392157,0.953271028037383,0.962962962962963,0.931251990308065,HHV6
10000,107,0.975,0.975,0.94,0.0281,0.0248604377345255,0.0313395622654745,0.663059832715312,1.27450980392157,0.953271028037383,0.962962962962963,0.931159916926272,HHV6
10000,107,0.975,0.975,0.95,0.0299,0.0265613858701916,0.0332386141298084,0.662108700971162,1.27450980392157,0.953271028037383,0.962962962962963,0.931067843544479,HHV6
10000,107,0.975,0.975,0.96,0.0279,0.0246716548956895,0.0311283451043105,0.661160106710342,1.27450980392157,0.953271028037383,0.962962962962963,0.930975770162686,HHV6
10000,107,0.975,0.975,0.97,0.0285,0.0252381332700355,0.0317618667299645,0.660214039791912,1.27450980392157,0.953271028037383,0.962962962962963,0.930883696780893,HHV6
10000,107,0.975,0.975,0.98,0.0268,0.023634146399553,0.029965853600447,0.659270490128904,1.27450980392157,0.953271028037383,0.962962962962963,0.9307916233991,HHV6
10000,107,0.975,0.975,0.99,0.0276,0.0243885630736561,0.0308114369263439,0.65832944768795,1.27450980392157,0.953271028037383,0.962962962962963,0.930699550017307,HHV6
10000,107,0.975,0.975,1,0.0293,0.0259940315424763,0.0326059684575237,0.657390902488942,1.27450980392157,0.953271028037383,0.962962962962963,0.930607476635514,HHV6
