sim,n_control,n_cfs,p0,or_t,se,sp,gamma
10000,107,251,0.373831775700935,0.8375,0.975,0.975,0
10000,107,251,0.373831775700935,0.8375,0.975,0.975,0.01
10000,107,251,0.373831775700935,0.8375,0.975,0.975,0.02
10000,107,251,0.373831775700935,0.8375,0.975,0.975,0.03
10000,107,251,0.373831775700935,0.8375,0.975,0.975,0.04
10000,107,251,0.373831775700935,0.8375,0.975,0.975,0.05
10000,107,251,0.373831775700935,0.8375,0.975,0.975,0.06
10000,107,251,0.373831775700935,0.8375,0.975,0.975,0.07
10000,107,251,0.373831775700935,0.8375,0.975,0.975,0.08
10000,107,251,0.373831775700935,0.8375,0.975,0.975,0.09
10000,107,251,0.373831775700935,0.8375,0.975,0.975,0.1
10000,107,251,0.373831775700935,0.8375,0.975,0.975,0.11
10000,107,251,0.373831775700935,0.8375,0.975,0.975,0.12
10000,107,251,0.373831775700935,0.8375,0.975,0.975,0.13
10000,107,251,0.373831775700935,0.8375,0.975,0.975,0.14
10000,107,251,0.373831775700935,0.8375,0.975,0.975,0.15
10000,107,251,0.373831775700935,0.8375,0.975,0.975,0.16
10000,107,251,0.373831775700935,0.8375,0.975,0.975,0.17
10000,107,251,0.373831775700935,0.8375,0.975,0.975,0.18
10000,107,251,0.373831775700935,0.8375,0.975,0.975,0.19
10000,107,251,0.373831775700935,0.8375,0.975,0.975,0.2
10000,107,251,0.373831775700935,0.8375,0.975,0.975,0.21
10000,107,251,0.373831775700935,0.8375,0.975,0.975,0.22
10000,107,251,0.373831775700935,0.8375,0.975,0.975,0.23
10000,107,251,0.373831775700935,0.8375,0.975,0.975,0.24
10000,107,251,0.373831775700935,0.8375,0.975,0.975,0.25
10000,107,251,0.373831775700935,0.8375,0.975,0.975,0.26
10000,107,251,0.373831775700935,0.8375,0.975,0.975,0.27
10000,107,251,0.373831775700935,0.8375,0.975,0.975,0.28
10000,107,251,0.373831775700935,0.8375,0.975,0.975,0.29
10000,107,251,0.373831775700935,0.8375,0.975,0.975,0.3
10000,107,251,0.373831775700935,0.8375,0.975,0.975,0.31
10000,107,251,0.373831775700935,0.8375,0.975,0.975,0.32
10000,107,251,0.373831775700935,0.8375,0.975,0.975,0.33
10000,107,251,0.373831775700935,0.8375,0.975,0.975,0.34
10000,107,251,0.373831775700935,0.8375,0.975,0.975,0.35
10000,107,251,0.373831775700935,0.8375,0.975,0.975,0.36
10000,107,251,0.373831775700935,0.8375,0.975,0.975,0.37
10000,107,251,0.373831775700935,0.8375,0.975,0.975,0.38
10000,107,251,0.373831775700935,0.8375,0.975,0.975,0.39
10000,107,251,0.373831775700935,0.8375,0.975,0.975,0.4
10000,107,251,0.373831775700935,0.8375,0.975,0.975,0.41
10000,107,251,0.373831775700935,0.8375,0.975,0.975,0.42
10000,107,251,0.373831775700935,0.8375,0.975,0.975,0.43
10000,107,251,0.373831775700935,0.8375,0.975,0.975,0.44
10000,107,251,0.373831775700935,0.8375,0.975,0.975,0.45
10000,107,251,0.373831775700935,0.8375,0.975,0.975,0.46
10000,107,251,0.373831775700935,0.8375,0.975,0.975,0.47
10000,107,251,0.373831775700935,0.8375,0.975,0.975,0.48
10000,107,251,0.373831775700935,0.8375,0.975,0.975,0.49
10000,107,251,0.373831775700935,0.8375,0.975,0.975,0.5
10000,107,251,0.373831775700935,0.8375,0.975,0.975,0.51
10000,107,251,0.373831775700935,0.8375,0.975,0.975,0.52
10000,107,251,0.373831775700935,0.8375,0.975,0.975,0.53
10000,107,251,0.373831775700935,0.8375,0.975,0.975,0.54
10000,107,251,0.373831775700935,0.8375,0.975,0.975,0.55
10000,107,251,0.373831775700935,0.8375,0.975,0.975,0.56
10000,107,251,0.373831775700935,0.8375,0.975,0.975,0.57
10000,107,251,0.373831775700935,0.8375,0.975,0.975,0.58
10000,107,251,0.373831775700935,0.8375,0.975,0.975,0.59
10000,107,251,0.373831775700935,0.8375,0.975,0.975,0.6
10000,107,251,0.373831775700935,0.8375,0.975,0.975,0.61
10000,107,251,0.373831775700935,0.8375,0.975,0.975,0.62
10000,107,251,0.373831775700935,0.8375,0.975,0.975,0.63
10000,107,251,0.373831775700935,0.8375,0.975,0.975,0.64
10000,107,251,0.373831775700935,0.8375,0.975,0.975,0.65
10000,107,251,0.373831775700935,0.8375,0.975,0.975,0.66
10000,107,251,0.373831775700935,0.8375,0.975,0.975,0.67
10000,107,251,0.373831775700935,0.8375,0.975,0.975,0.68
10000,107,251,0.373831775700935,0.8375,0.975,0.975,0.69
10000,107,251,0.373831775700935,0.8375,0.975,0.975,0.7
10000,107,251,0.373831775700935,0.8375,0.975,0.975,0.71
10000,107,251,0.373831775700935,0.8375,0.975,0.975,0.72
10000,107,251,0.373831775700935,0.8375,0.975,0.975,0.73
10000,107,251,0.373831775700935,0.8375,0.975,0.975,0.74
10000,107,251,0.373831775700935,0.8375,0.975,0.975,0.75
10000,107,251,0.373831775700935,0.8375,0.975,0.975,0.76
10000,107,251,0.373831775700935,0.8375,0.975,0.975,0.77
10000,107,251,0.373831775700935,0.8375,0.975,0.975,0.78
10000,107,251,0.373831775700935,0.8375,0.975,0.975,0.79
10000,107,251,0.373831775700935,0.8375,0.975,0.975,0.8
10000,107,251,0.373831775700935,0.8375,0.975,0.975,0.81
10000,107,251,0.373831775700935,0.8375,0.975,0.975,0.82
10000,107,251,0.373831775700935,0.8375,0.975,0.975,0.83
10000,107,251,0.373831775700935,0.8375,0.975,0.975,0.84
10000,107,251,0.373831775700935,0.8375,0.975,0.975,0.85
10000,107,251,0.373831775700935,0.8375,0.975,0.975,0.86
10000,107,251,0.373831775700935,0.8375,0.975,0.975,0.87
10000,107,251,0.373831775700935,0.8375,0.975,0.975,0.88
10000,107,251,0.373831775700935,0.8375,0.975,0.975,0.89
10000,107,251,0.373831775700935,0.8375,0.975,0.975,0.9
10000,107,251,0.373831775700935,0.8375,0.975,0.975,0.91
10000,107,251,0.373831775700935,0.8375,0.975,0.975,0.92
10000,107,251,0.373831775700935,0.8375,0.975,0.975,0.93
10000,107,251,0.373831775700935,0.8375,0.975,0.975,0.94
10000,107,251,0.373831775700935,0.8375,0.975,0.975,0.95
10000,107,251,0.373831775700935,0.8375,0.975,0.975,0.96
10000,107,251,0.373831775700935,0.8375,0.975,0.975,0.97
10000,107,251,0.373831775700935,0.8375,0.975,0.975,0.98
10000,107,251,0.373831775700935,0.8375,0.975,0.975,0.99
10000,107,251,0.373831775700935,0.8375,0.975,0.975,1
10000,107,251,0.925233644859813,0.646464646464646,0.975,0.975,0
10000,107,251,0.925233644859813,0.646464646464646,0.975,0.975,0.01
10000,107,251,0.925233644859813,0.646464646464646,0.975,0.975,0.02
10000,107,251,0.925233644859813,0.646464646464646,0.975,0.975,0.03
10000,107,251,0.925233644859813,0.646464646464646,0.975,0.975,0.04
10000,107,251,0.925233644859813,0.646464646464646,0.975,0.975,0.05
10000,107,251,0.925233644859813,0.646464646464646,0.975,0.975,0.06
10000,107,251,0.925233644859813,0.646464646464646,0.975,0.975,0.07
10000,107,251,0.925233644859813,0.646464646464646,0.975,0.975,0.08
10000,107,251,0.925233644859813,0.646464646464646,0.975,0.975,0.09
10000,107,251,0.925233644859813,0.646464646464646,0.975,0.975,0.1
10000,107,251,0.925233644859813,0.646464646464646,0.975,0.975,0.11
10000,107,251,0.925233644859813,0.646464646464646,0.975,0.975,0.12
10000,107,251,0.925233644859813,0.646464646464646,0.975,0.975,0.13
10000,107,251,0.925233644859813,0.646464646464646,0.975,0.975,0.14
10000,107,251,0.925233644859813,0.646464646464646,0.975,0.975,0.15
10000,107,251,0.925233644859813,0.646464646464646,0.975,0.975,0.16
10000,107,251,0.925233644859813,0.646464646464646,0.975,0.975,0.17
10000,107,251,0.925233644859813,0.646464646464646,0.975,0.975,0.18
10000,107,251,0.925233644859813,0.646464646464646,0.975,0.975,0.19
10000,107,251,0.925233644859813,0.646464646464646,0.975,0.975,0.2
10000,107,251,0.925233644859813,0.646464646464646,0.975,0.975,0.21
10000,107,251,0.925233644859813,0.646464646464646,0.975,0.975,0.22
10000,107,251,0.925233644859813,0.646464646464646,0.975,0.975,0.23
10000,107,251,0.925233644859813,0.646464646464646,0.975,0.975,0.24
10000,107,251,0.925233644859813,0.646464646464646,0.975,0.975,0.25
10000,107,251,0.925233644859813,0.646464646464646,0.975,0.975,0.26
10000,107,251,0.925233644859813,0.646464646464646,0.975,0.975,0.27
10000,107,251,0.925233644859813,0.646464646464646,0.975,0.975,0.28
10000,107,251,0.925233644859813,0.646464646464646,0.975,0.975,0.29
10000,107,251,0.925233644859813,0.646464646464646,0.975,0.975,0.3
10000,107,251,0.925233644859813,0.646464646464646,0.975,0.975,0.31
10000,107,251,0.925233644859813,0.646464646464646,0.975,0.975,0.32
10000,107,251,0.925233644859813,0.646464646464646,0.975,0.975,0.33
10000,107,251,0.925233644859813,0.646464646464646,0.975,0.975,0.34
10000,107,251,0.925233644859813,0.646464646464646,0.975,0.975,0.35
10000,107,251,0.925233644859813,0.646464646464646,0.975,0.975,0.36
10000,107,251,0.925233644859813,0.646464646464646,0.975,0.975,0.37
10000,107,251,0.925233644859813,0.646464646464646,0.975,0.975,0.38
10000,107,251,0.925233644859813,0.646464646464646,0.975,0.975,0.39
10000,107,251,0.925233644859813,0.646464646464646,0.975,0.975,0.4
10000,107,251,0.925233644859813,0.646464646464646,0.975,0.975,0.41
10000,107,251,0.925233644859813,0.646464646464646,0.975,0.975,0.42
10000,107,251,0.925233644859813,0.646464646464646,0.975,0.975,0.43
10000,107,251,0.925233644859813,0.646464646464646,0.975,0.975,0.44
10000,107,251,0.925233644859813,0.646464646464646,0.975,0.975,0.45
10000,107,251,0.925233644859813,0.646464646464646,0.975,0.975,0.46
10000,107,251,0.925233644859813,0.646464646464646,0.975,0.975,0.47
10000,107,251,0.925233644859813,0.646464646464646,0.975,0.975,0.48
10000,107,251,0.925233644859813,0.646464646464646,0.975,0.975,0.49
10000,107,251,0.925233644859813,0.646464646464646,0.975,0.975,0.5
10000,107,251,0.925233644859813,0.646464646464646,0.975,0.975,0.51
10000,107,251,0.925233644859813,0.646464646464646,0.975,0.975,0.52
10000,107,251,0.925233644859813,0.646464646464646,0.975,0.975,0.53
10000,107,251,0.925233644859813,0.646464646464646,0.975,0.975,0.54
10000,107,251,0.925233644859813,0.646464646464646,0.975,0.975,0.55
10000,107,251,0.925233644859813,0.646464646464646,0.975,0.975,0.56
10000,107,251,0.925233644859813,0.646464646464646,0.975,0.975,0.57
10000,107,251,0.925233644859813,0.646464646464646,0.975,0.975,0.58
10000,107,251,0.925233644859813,0.646464646464646,0.975,0.975,0.59
10000,107,251,0.925233644859813,0.646464646464646,0.975,0.975,0.6
10000,107,251,0.925233644859813,0.646464646464646,0.975,0.975,0.61
10000,107,251,0.925233644859813,0.646464646464646,0.975,0.975,0.62
10000,107,251,0.925233644859813,0.646464646464646,0.975,0.975,0.63
10000,107,251,0.925233644859813,0.646464646464646,0.975,0.975,0.64
10000,107,251,0.925233644859813,0.646464646464646,0.975,0.975,0.65
10000,107,251,0.925233644859813,0.646464646464646,0.975,0.975,0.66
10000,107,251,0.925233644859813,0.646464646464646,0.975,0.975,0.67
10000,107,251,0.925233644859813,0.646464646464646,0.975,0.975,0.68
10000,107,251,0.925233644859813,0.646464646464646,0.975,0.975,0.69
10000,107,251,0.925233644859813,0.646464646464646,0.975,0.975,0.7
10000,107,251,0.925233644859813,0.646464646464646,0.975,0.975,0.71
10000,107,251,0.925233644859813,0.646464646464646,0.975,0.975,0.72
10000,107,251,0.925233644859813,0.646464646464646,0.975,0.975,0.73
10000,107,251,0.925233644859813,0.646464646464646,0.975,0.975,0.74
10000,107,251,0.925233644859813,0.646464646464646,0.975,0.975,0.75
10000,107,251,0.925233644859813,0.646464646464646,0.975,0.975,0.76
10000,107,251,0.925233644859813,0.646464646464646,0.975,0.975,0.77
10000,107,251,0.925233644859813,0.646464646464646,0.975,0.975,0.78
10000,107,251,0.925233644859813,0.646464646464646,0.975,0.975,0.79
10000,107,251,0.925233644859813,0.646464646464646,0.975,0.975,0.8
10000,107,251,0.925233644859813,0.646464646464646,0.975,0.975,0.81
10000,107,251,0.925233644859813,0.646464646464646,0.975,0.975,0.82
10000,107,251,0.925233644859813,0.646464646464646,0.975,0.975,0.83
10000,107,251,0.925233644859813,0.646464646464646,0.975,0.975,0.84
10000,107,251,0.925233644859813,0.646464646464646,0.975,0.975,0.85
10000,107,251,0.925233644859813,0.646464646464646,0.975,0.975,0.86
10000,107,251,0.925233644859813,0.646464646464646,0.975,0.975,0.87
10000,107,251,0.925233644859813,0.646464646464646,0.975,0.975,0.88
10000,107,251,0.925233644859813,0.646464646464646,0.975,0.975,0.89
10000,107,251,0.925233644859813,0.646464646464646,0.975,0.975,0.9
10000,107,251,0.925233644859813,0.646464646464646,0.975,0.975,0.91
10000,107,251,0.925233644859813,0.646464646464646,0.975,0.975,0.92
10000,107,251,0.925233644859813,0.646464646464646,0.975,0.975,0.93
10000,107,251,0.925233644859813,0.646464646464646,0.975,0.975,0.94
10000,107,251,0.925233644859813,0.646464646464646,0.975,0.975,0.95
10000,107,251,0.925233644859813,0.646464646464646,0.975,0.975,0.96
10000,107,251,0.925233644859813,0.646464646464646,0.975,0.975,0.97
10000,107,251,0.925233644859813,0.646464646464646,0.975,0.975,0.98
10000,107,251,0.925233644859813,0.646464646464646,0.975,0.975,0.99
10000,107,251,0.925233644859813,0.646464646464646,0.975,0.975,1
10000,107,251,0.420560747663551,1.59822222222222,0.975,0.975,0
10000,107,251,0.420560747663551,1.59822222222222,0.975,0.975,0.01
10000,107,251,0.420560747663551,1.59822222222222,0.975,0.975,0.02
10000,107,251,0.420560747663551,1.59822222222222,0.975,0.975,0.03
10000,107,251,0.420560747663551,1.59822222222222,0.975,0.975,0.04
10000,107,251,0.420560747663551,1.59822222222222,0.975,0.975,0.05
10000,107,251,0.420560747663551,1.59822222222222,0.975,0.975,0.06
10000,107,251,0.420560747663551,1.59822222222222,0.975,0.975,0.07
10000,107,251,0.420560747663551,1.59822222222222,0.975,0.975,0.08
10000,107,251,0.420560747663551,1.59822222222222,0.975,0.975,0.09
10000,107,251,0.420560747663551,1.59822222222222,0.975,0.975,0.1
10000,107,251,0.420560747663551,1.59822222222222,0.975,0.975,0.11
10000,107,251,0.420560747663551,1.59822222222222,0.975,0.975,0.12
10000,107,251,0.420560747663551,1.59822222222222,0.975,0.975,0.13
10000,107,251,0.420560747663551,1.59822222222222,0.975,0.975,0.14
10000,107,251,0.420560747663551,1.59822222222222,0.975,0.975,0.15
10000,107,251,0.420560747663551,1.59822222222222,0.975,0.975,0.16
10000,107,251,0.420560747663551,1.59822222222222,0.975,0.975,0.17
10000,107,251,0.420560747663551,1.59822222222222,0.975,0.975,0.18
10000,107,251,0.420560747663551,1.59822222222222,0.975,0.975,0.19
10000,107,251,0.420560747663551,1.59822222222222,0.975,0.975,0.2
10000,107,251,0.420560747663551,1.59822222222222,0.975,0.975,0.21
10000,107,251,0.420560747663551,1.59822222222222,0.975,0.975,0.22
10000,107,251,0.420560747663551,1.59822222222222,0.975,0.975,0.23
10000,107,251,0.420560747663551,1.59822222222222,0.975,0.975,0.24
10000,107,251,0.420560747663551,1.59822222222222,0.975,0.975,0.25
10000,107,251,0.420560747663551,1.59822222222222,0.975,0.975,0.26
10000,107,251,0.420560747663551,1.59822222222222,0.975,0.975,0.27
10000,107,251,0.420560747663551,1.59822222222222,0.975,0.975,0.28
10000,107,251,0.420560747663551,1.59822222222222,0.975,0.975,0.29
10000,107,251,0.420560747663551,1.59822222222222,0.975,0.975,0.3
10000,107,251,0.420560747663551,1.59822222222222,0.975,0.975,0.31
10000,107,251,0.420560747663551,1.59822222222222,0.975,0.975,0.32
10000,107,251,0.420560747663551,1.59822222222222,0.975,0.975,0.33
10000,107,251,0.420560747663551,1.59822222222222,0.975,0.975,0.34
10000,107,251,0.420560747663551,1.59822222222222,0.975,0.975,0.35
10000,107,251,0.420560747663551,1.59822222222222,0.975,0.975,0.36
10000,107,251,0.420560747663551,1.59822222222222,0.975,0.975,0.37
10000,107,251,0.420560747663551,1.59822222222222,0.975,0.975,0.38
10000,107,251,0.420560747663551,1.59822222222222,0.975,0.975,0.39
10000,107,251,0.420560747663551,1.59822222222222,0.975,0.975,0.4
10000,107,251,0.420560747663551,1.59822222222222,0.975,0.975,0.41
10000,107,251,0.420560747663551,1.59822222222222,0.975,0.975,0.42
10000,107,251,0.420560747663551,1.59822222222222,0.975,0.975,0.43
10000,107,251,0.420560747663551,1.59822222222222,0.975,0.975,0.44
10000,107,251,0.420560747663551,1.59822222222222,0.975,0.975,0.45
10000,107,251,0.420560747663551,1.59822222222222,0.975,0.975,0.46
10000,107,251,0.420560747663551,1.59822222222222,0.975,0.975,0.47
10000,107,251,0.420560747663551,1.59822222222222,0.975,0.975,0.48
10000,107,251,0.420560747663551,1.59822222222222,0.975,0.975,0.49
10000,107,251,0.420560747663551,1.59822222222222,0.975,0.975,0.5
10000,107,251,0.420560747663551,1.59822222222222,0.975,0.975,0.51
10000,107,251,0.420560747663551,1.59822222222222,0.975,0.975,0.52
10000,107,251,0.420560747663551,1.59822222222222,0.975,0.975,0.53
10000,107,251,0.420560747663551,1.59822222222222,0.975,0.975,0.54
10000,107,251,0.420560747663551,1.59822222222222,0.975,0.975,0.55
10000,107,251,0.420560747663551,1.59822222222222,0.975,0.975,0.56
10000,107,251,0.420560747663551,1.59822222222222,0.975,0.975,0.57
10000,107,251,0.420560747663551,1.59822222222222,0.975,0.975,0.58
10000,107,251,0.420560747663551,1.59822222222222,0.975,0.975,0.59
10000,107,251,0.420560747663551,1.59822222222222,0.975,0.975,0.6
10000,107,251,0.420560747663551,1.59822222222222,0.975,0.975,0.61
10000,107,251,0.420560747663551,1.59822222222222,0.975,0.975,0.62
10000,107,251,0.420560747663551,1.59822222222222,0.975,0.975,0.63
10000,107,251,0.420560747663551,1.59822222222222,0.975,0.975,0.64
10000,107,251,0.420560747663551,1.59822222222222,0.975,0.975,0.65
10000,107,251,0.420560747663551,1.59822222222222,0.975,0.975,0.66
10000,107,251,0.420560747663551,1.59822222222222,0.975,0.975,0.67
10000,107,251,0.420560747663551,1.59822222222222,0.975,0.975,0.68
10000,107,251,0.420560747663551,1.59822222222222,0.975,0.975,0.69
10000,107,251,0.420560747663551,1.59822222222222,0.975,0.975,0.7
10000,107,251,0.420560747663551,1.59822222222222,0.975,0.975,0.71
10000,107,251,0.420560747663551,1.59822222222222,0.975,0.975,0.72
10000,107,251,0.420560747663551,1.59822222222222,0.975,0.975,0.73
10000,107,251,0.420560747663551,1.59822222222222,0.975,0.975,0.74
10000,107,251,0.420560747663551,1.59822222222222,0.975,0.975,0.75
10000,107,251,0.420560747663551,1.59822222222222,0.975,0.975,0.76
10000,107,251,0.420560747663551,1.59822222222222,0.975,0.975,0.77
10000,107,251,0.420560747663551,1.59822222222222,0.975,0.975,0.78
10000,107,251,0.420560747663551,1.59822222222222,0.975,0.975,0.79
10000,107,251,0.420560747663551,1.59822222222222,0.975,0.975,0.8
10000,107,251,0.420560747663551,1.59822222222222,0.975,0.975,0.81
10000,107,251,0.420560747663551,1.59822222222222,0.975,0.975,0.82
10000,107,251,0.420560747663551,1.59822222222222,0.975,0.975,0.83
10000,107,251,0.420560747663551,1.59822222222222,0.975,0.975,0.84
10000,107,251,0.420560747663551,1.59822222222222,0.975,0.975,0.85
10000,107,251,0.420560747663551,1.59822222222222,0.975,0.975,0.86
10000,107,251,0.420560747663551,1.59822222222222,0.975,0.975,0.87
10000,107,251,0.420560747663551,1.59822222222222,0.975,0.975,0.88
10000,107,251,0.420560747663551,1.59822222222222,0.975,0.975,0.89
10000,107,251,0.420560747663551,1.59822222222222,0.975,0.975,0.9
10000,107,251,0.420560747663551,1.59822222222222,0.975,0.975,0.91
10000,107,251,0.420560747663551,1.59822222222222,0.975,0.975,0.92
10000,107,251,0.420560747663551,1.59822222222222,0.975,0.975,0.93
10000,107,251,0.420560747663551,1.59822222222222,0.975,0.975,0.94
10000,107,251,0.420560747663551,1.59822222222222,0.975,0.975,0.95
10000,107,251,0.420560747663551,1.59822222222222,0.975,0.975,0.96
10000,107,251,0.420560747663551,1.59822222222222,0.975,0.975,0.97
10000,107,251,0.420560747663551,1.59822222222222,0.975,0.975,0.98
10000,107,251,0.420560747663551,1.59822222222222,0.975,0.975,0.99
10000,107,251,0.420560747663551,1.59822222222222,0.975,0.975,1
10000,107,251,0.336448598130841,1.35590277777778,0.975,0.975,0
10000,107,251,0.336448598130841,1.35590277777778,0.975,0.975,0.01
10000,107,251,0.336448598130841,1.35590277777778,0.975,0.975,0.02
10000,107,251,0.336448598130841,1.35590277777778,0.975,0.975,0.03
10000,107,251,0.336448598130841,1.35590277777778,0.975,0.975,0.04
10000,107,251,0.336448598130841,1.35590277777778,0.975,0.975,0.05
10000,107,251,0.336448598130841,1.35590277777778,0.975,0.975,0.06
10000,107,251,0.336448598130841,1.35590277777778,0.975,0.975,0.07
10000,107,251,0.336448598130841,1.35590277777778,0.975,0.975,0.08
10000,107,251,0.336448598130841,1.35590277777778,0.975,0.975,0.09
10000,107,251,0.336448598130841,1.35590277777778,0.975,0.975,0.1
10000,107,251,0.336448598130841,1.35590277777778,0.975,0.975,0.11
10000,107,251,0.336448598130841,1.35590277777778,0.975,0.975,0.12
10000,107,251,0.336448598130841,1.35590277777778,0.975,0.975,0.13
10000,107,251,0.336448598130841,1.35590277777778,0.975,0.975,0.14
10000,107,251,0.336448598130841,1.35590277777778,0.975,0.975,0.15
10000,107,251,0.336448598130841,1.35590277777778,0.975,0.975,0.16
10000,107,251,0.336448598130841,1.35590277777778,0.975,0.975,0.17
10000,107,251,0.336448598130841,1.35590277777778,0.975,0.975,0.18
10000,107,251,0.336448598130841,1.35590277777778,0.975,0.975,0.19
10000,107,251,0.336448598130841,1.35590277777778,0.975,0.975,0.2
10000,107,251,0.336448598130841,1.35590277777778,0.975,0.975,0.21
10000,107,251,0.336448598130841,1.35590277777778,0.975,0.975,0.22
10000,107,251,0.336448598130841,1.35590277777778,0.975,0.975,0.23
10000,107,251,0.336448598130841,1.35590277777778,0.975,0.975,0.24
10000,107,251,0.336448598130841,1.35590277777778,0.975,0.975,0.25
10000,107,251,0.336448598130841,1.35590277777778,0.975,0.975,0.26
10000,107,251,0.336448598130841,1.35590277777778,0.975,0.975,0.27
10000,107,251,0.336448598130841,1.35590277777778,0.975,0.975,0.28
10000,107,251,0.336448598130841,1.35590277777778,0.975,0.975,0.29
10000,107,251,0.336448598130841,1.35590277777778,0.975,0.975,0.3
10000,107,251,0.336448598130841,1.35590277777778,0.975,0.975,0.31
10000,107,251,0.336448598130841,1.35590277777778,0.975,0.975,0.32
10000,107,251,0.336448598130841,1.35590277777778,0.975,0.975,0.33
10000,107,251,0.336448598130841,1.35590277777778,0.975,0.975,0.34
10000,107,251,0.336448598130841,1.35590277777778,0.975,0.975,0.35
10000,107,251,0.336448598130841,1.35590277777778,0.975,0.975,0.36
10000,107,251,0.336448598130841,1.35590277777778,0.975,0.975,0.37
10000,107,251,0.336448598130841,1.35590277777778,0.975,0.975,0.38
10000,107,251,0.336448598130841,1.35590277777778,0.975,0.975,0.39
10000,107,251,0.336448598130841,1.35590277777778,0.975,0.975,0.4
10000,107,251,0.336448598130841,1.35590277777778,0.975,0.975,0.41
10000,107,251,0.336448598130841,1.35590277777778,0.975,0.975,0.42
10000,107,251,0.336448598130841,1.35590277777778,0.975,0.975,0.43
10000,107,251,0.336448598130841,1.35590277777778,0.975,0.975,0.44
10000,107,251,0.336448598130841,1.35590277777778,0.975,0.975,0.45
10000,107,251,0.336448598130841,1.35590277777778,0.975,0.975,0.46
10000,107,251,0.336448598130841,1.35590277777778,0.975,0.975,0.47
10000,107,251,0.336448598130841,1.35590277777778,0.975,0.975,0.48
10000,107,251,0.336448598130841,1.35590277777778,0.975,0.975,0.49
10000,107,251,0.336448598130841,1.35590277777778,0.975,0.975,0.5
10000,107,251,0.336448598130841,1.35590277777778,0.975,0.975,0.51
10000,107,251,0.336448598130841,1.35590277777778,0.975,0.975,0.52
10000,107,251,0.336448598130841,1.35590277777778,0.975,0.975,0.53
10000,107,251,0.336448598130841,1.35590277777778,0.975,0.975,0.54
10000,107,251,0.336448598130841,1.35590277777778,0.975,0.975,0.55
10000,107,251,0.336448598130841,1.35590277777778,0.975,0.975,0.56
10000,107,251,0.336448598130841,1.35590277777778,0.975,0.975,0.57
10000,107,251,0.336448598130841,1.35590277777778,0.975,0.975,0.58
10000,107,251,0.336448598130841,1.35590277777778,0.975,0.975,0.59
10000,107,251,0.336448598130841,1.35590277777778,0.975,0.975,0.6
10000,107,251,0.336448598130841,1.35590277777778,0.975,0.975,0.61
10000,107,251,0.336448598130841,1.35590277777778,0.975,0.975,0.62
10000,107,251,0.336448598130841,1.35590277777778,0.975,0.975,0.63
10000,107,251,0.336448598130841,1.35590277777778,0.975,0.975,0.64
10000,107,251,0.336448598130841,1.35590277777778,0.975,0.975,0.65
10000,107,251,0.336448598130841,1.35590277777778,0.975,0.975,0.66
10000,107,251,0.336448598130841,1.35590277777778,0.975,0.975,0.67
10000,107,251,0.336448598130841,1.35590277777778,0.975,0.975,0.68
10000,107,251,0.336448598130841,1.35590277777778,0.975,0.975,0.69
10000,107,251,0.336448598130841,1.35590277777778,0.975,0.975,0.7
10000,107,251,0.336448598130841,1.35590277777778,0.975,0.975,0.71
10000,107,251,0.336448598130841,1.35590277777778,0.975,0.975,0.72
10000,107,251,0.336448598130841,1.35590277777778,0.975,0.975,0.73
10000,107,251,0.336448598130841,1.35590277777778,0.975,0.975,0.74
10000,107,251,0.336448598130841,1.35590277777778,0.975,0.975,0.75
10000,107,251,0.336448598130841,1.35590277777778,0.975,0.975,0.76
10000,107,251,0.336448598130841,1.35590277777778,0.975,0.975,0.77
10000,107,251,0.336448598130841,1.35590277777778,0.975,0.975,0.78
10000,107,251,0.336448598130841,1.35590277777778,0.975,0.975,0.79
10000,107,251,0.336448598130841,1.35590277777778,0.975,0.975,0.8
10000,107,251,0.336448598130841,1.35590277777778,0.975,0.975,0.81
10000,107,251,0.336448598130841,1.35590277777778,0.975,0.975,0.82
10000,107,251,0.336448598130841,1.35590277777778,0.975,0.975,0.83
10000,107,251,0.336448598130841,1.35590277777778,0.975,0.975,0.84
10000,107,251,0.336448598130841,1.35590277777778,0.975,0.975,0.85
10000,107,251,0.336448598130841,1.35590277777778,0.975,0.975,0.86
10000,107,251,0.336448598130841,1.35590277777778,0.975,0.975,0.87
10000,107,251,0.336448598130841,1.35590277777778,0.975,0.975,0.88
10000,107,251,0.336448598130841,1.35590277777778,0.975,0.975,0.89
10000,107,251,0.336448598130841,1.35590277777778,0.975,0.975,0.9
10000,107,251,0.336448598130841,1.35590277777778,0.975,0.975,0.91
10000,107,251,0.336448598130841,1.35590277777778,0.975,0.975,0.92
10000,107,251,0.336448598130841,1.35590277777778,0.975,0.975,0.93
10000,107,251,0.336448598130841,1.35590277777778,0.975,0.975,0.94
10000,107,251,0.336448598130841,1.35590277777778,0.975,0.975,0.95
10000,107,251,0.336448598130841,1.35590277777778,0.975,0.975,0.96
10000,107,251,0.336448598130841,1.35590277777778,0.975,0.975,0.97
10000,107,251,0.336448598130841,1.35590277777778,0.975,0.975,0.98
10000,107,251,0.336448598130841,1.35590277777778,0.975,0.975,0.99
10000,107,251,0.336448598130841,1.35590277777778,0.975,0.975,1
10000,107,251,0.97196261682243,0.749999999999999,0.975,0.975,0
10000,107,251,0.97196261682243,0.749999999999999,0.975,0.975,0.01
10000,107,251,0.97196261682243,0.749999999999999,0.975,0.975,0.02
10000,107,251,0.97196261682243,0.749999999999999,0.975,0.975,0.03
10000,107,251,0.97196261682243,0.749999999999999,0.975,0.975,0.04
10000,107,251,0.97196261682243,0.749999999999999,0.975,0.975,0.05
10000,107,251,0.97196261682243,0.749999999999999,0.975,0.975,0.06
10000,107,251,0.97196261682243,0.749999999999999,0.975,0.975,0.07
10000,107,251,0.97196261682243,0.749999999999999,0.975,0.975,0.08
10000,107,251,0.97196261682243,0.749999999999999,0.975,0.975,0.09
10000,107,251,0.97196261682243,0.749999999999999,0.975,0.975,0.1
10000,107,251,0.97196261682243,0.749999999999999,0.975,0.975,0.11
10000,107,251,0.97196261682243,0.749999999999999,0.975,0.975,0.12
10000,107,251,0.97196261682243,0.749999999999999,0.975,0.975,0.13
10000,107,251,0.97196261682243,0.749999999999999,0.975,0.975,0.14
10000,107,251,0.97196261682243,0.749999999999999,0.975,0.975,0.15
10000,107,251,0.97196261682243,0.749999999999999,0.975,0.975,0.16
10000,107,251,0.97196261682243,0.749999999999999,0.975,0.975,0.17
10000,107,251,0.97196261682243,0.749999999999999,0.975,0.975,0.18
10000,107,251,0.97196261682243,0.749999999999999,0.975,0.975,0.19
10000,107,251,0.97196261682243,0.749999999999999,0.975,0.975,0.2
10000,107,251,0.97196261682243,0.749999999999999,0.975,0.975,0.21
10000,107,251,0.97196261682243,0.749999999999999,0.975,0.975,0.22
10000,107,251,0.97196261682243,0.749999999999999,0.975,0.975,0.23
10000,107,251,0.97196261682243,0.749999999999999,0.975,0.975,0.24
10000,107,251,0.97196261682243,0.749999999999999,0.975,0.975,0.25
10000,107,251,0.97196261682243,0.749999999999999,0.975,0.975,0.26
10000,107,251,0.97196261682243,0.749999999999999,0.975,0.975,0.27
10000,107,251,0.97196261682243,0.749999999999999,0.975,0.975,0.28
10000,107,251,0.97196261682243,0.749999999999999,0.975,0.975,0.29
10000,107,251,0.97196261682243,0.749999999999999,0.975,0.975,0.3
10000,107,251,0.97196261682243,0.749999999999999,0.975,0.975,0.31
10000,107,251,0.97196261682243,0.749999999999999,0.975,0.975,0.32
10000,107,251,0.97196261682243,0.749999999999999,0.975,0.975,0.33
10000,107,251,0.97196261682243,0.749999999999999,0.975,0.975,0.34
10000,107,251,0.97196261682243,0.749999999999999,0.975,0.975,0.35
10000,107,251,0.97196261682243,0.749999999999999,0.975,0.975,0.36
10000,107,251,0.97196261682243,0.749999999999999,0.975,0.975,0.37
10000,107,251,0.97196261682243,0.749999999999999,0.975,0.975,0.38
10000,107,251,0.97196261682243,0.749999999999999,0.975,0.975,0.39
10000,107,251,0.97196261682243,0.749999999999999,0.975,0.975,0.4
10000,107,251,0.97196261682243,0.749999999999999,0.975,0.975,0.41
10000,107,251,0.97196261682243,0.749999999999999,0.975,0.975,0.42
10000,107,251,0.97196261682243,0.749999999999999,0.975,0.975,0.43
10000,107,251,0.97196261682243,0.749999999999999,0.975,0.975,0.44
10000,107,251,0.97196261682243,0.749999999999999,0.975,0.975,0.45
10000,107,251,0.97196261682243,0.749999999999999,0.975,0.975,0.46
10000,107,251,0.97196261682243,0.749999999999999,0.975,0.975,0.47
10000,107,251,0.97196261682243,0.749999999999999,0.975,0.975,0.48
10000,107,251,0.97196261682243,0.749999999999999,0.975,0.975,0.49
10000,107,251,0.97196261682243,0.749999999999999,0.975,0.975,0.5
10000,107,251,0.97196261682243,0.749999999999999,0.975,0.975,0.51
10000,107,251,0.97196261682243,0.749999999999999,0.975,0.975,0.52
10000,107,251,0.97196261682243,0.749999999999999,0.975,0.975,0.53
10000,107,251,0.97196261682243,0.749999999999999,0.975,0.975,0.54
10000,107,251,0.97196261682243,0.749999999999999,0.975,0.975,0.55
10000,107,251,0.97196261682243,0.749999999999999,0.975,0.975,0.56
10000,107,251,0.97196261682243,0.749999999999999,0.975,0.975,0.57
10000,107,251,0.97196261682243,0.749999999999999,0.975,0.975,0.58
10000,107,251,0.97196261682243,0.749999999999999,0.975,0.975,0.59
10000,107,251,0.97196261682243,0.749999999999999,0.975,0.975,0.6
10000,107,251,0.97196261682243,0.749999999999999,0.975,0.975,0.61
10000,107,251,0.97196261682243,0.749999999999999,0.975,0.975,0.62
10000,107,251,0.97196261682243,0.749999999999999,0.975,0.975,0.63
10000,107,251,0.97196261682243,0.749999999999999,0.975,0.975,0.64
10000,107,251,0.97196261682243,0.749999999999999,0.975,0.975,0.65
10000,107,251,0.97196261682243,0.749999999999999,0.975,0.975,0.66
10000,107,251,0.97196261682243,0.749999999999999,0.975,0.975,0.67
10000,107,251,0.97196261682243,0.749999999999999,0.975,0.975,0.68
10000,107,251,0.97196261682243,0.749999999999999,0.975,0.975,0.69
10000,107,251,0.97196261682243,0.749999999999999,0.975,0.975,0.7
10000,107,251,0.97196261682243,0.749999999999999,0.975,0.975,0.71
10000,107,251,0.97196261682243,0.749999999999999,0.975,0.975,0.72
10000,107,251,0.97196261682243,0.749999999999999,0.975,0.975,0.73
10000,107,251,0.97196261682243,0.749999999999999,0.975,0.975,0.74
10000,107,251,0.97196261682243,0.749999999999999,0.975,0.975,0.75
10000,107,251,0.97196261682243,0.749999999999999,0.975,0.975,0.76
10000,107,251,0.97196261682243,0.749999999999999,0.975,0.975,0.77
10000,107,251,0.97196261682243,0.749999999999999,0.975,0.975,0.78
10000,107,251,0.97196261682243,0.749999999999999,0.975,0.975,0.79
10000,107,251,0.97196261682243,0.749999999999999,0.975,0.975,0.8
10000,107,251,0.97196261682243,0.749999999999999,0.975,0.975,0.81
10000,107,251,0.97196261682243,0.749999999999999,0.975,0.975,0.82
10000,107,251,0.97196261682243,0.749999999999999,0.975,0.975,0.83
10000,107,251,0.97196261682243,0.749999999999999,0.975,0.975,0.84
10000,107,251,0.97196261682243,0.749999999999999,0.975,0.975,0.85
10000,107,251,0.97196261682243,0.749999999999999,0.975,0.975,0.86
10000,107,251,0.97196261682243,0.749999999999999,0.975,0.975,0.87
10000,107,251,0.97196261682243,0.749999999999999,0.975,0.975,0.88
10000,107,251,0.97196261682243,0.749999999999999,0.975,0.975,0.89
10000,107,251,0.97196261682243,0.749999999999999,0.975,0.975,0.9
10000,107,251,0.97196261682243,0.749999999999999,0.975,0.975,0.91
10000,107,251,0.97196261682243,0.749999999999999,0.975,0.975,0.92
10000,107,251,0.97196261682243,0.749999999999999,0.975,0.975,0.93
10000,107,251,0.97196261682243,0.749999999999999,0.975,0.975,0.94
10000,107,251,0.97196261682243,0.749999999999999,0.975,0.975,0.95
10000,107,251,0.97196261682243,0.749999999999999,0.975,0.975,0.96
10000,107,251,0.97196261682243,0.749999999999999,0.975,0.975,0.97
10000,107,251,0.97196261682243,0.749999999999999,0.975,0.975,0.98
10000,107,251,0.97196261682243,0.749999999999999,0.975,0.975,0.99
10000,107,251,0.97196261682243,0.749999999999999,0.975,0.975,1
10000,107,251,0.953271028037383,1.27450980392157,0.975,0.975,0
10000,107,251,0.953271028037383,1.27450980392157,0.975,0.975,0.01
10000,107,251,0.953271028037383,1.27450980392157,0.975,0.975,0.02
10000,107,251,0.953271028037383,1.27450980392157,0.975,0.975,0.03
10000,107,251,0.953271028037383,1.27450980392157,0.975,0.975,0.04
10000,107,251,0.953271028037383,1.27450980392157,0.975,0.975,0.05
10000,107,251,0.953271028037383,1.27450980392157,0.975,0.975,0.06
10000,107,251,0.953271028037383,1.27450980392157,0.975,0.975,0.07
10000,107,251,0.953271028037383,1.27450980392157,0.975,0.975,0.08
10000,107,251,0.953271028037383,1.27450980392157,0.975,0.975,0.09
10000,107,251,0.953271028037383,1.27450980392157,0.975,0.975,0.1
10000,107,251,0.953271028037383,1.27450980392157,0.975,0.975,0.11
10000,107,251,0.953271028037383,1.27450980392157,0.975,0.975,0.12
10000,107,251,0.953271028037383,1.27450980392157,0.975,0.975,0.13
10000,107,251,0.953271028037383,1.27450980392157,0.975,0.975,0.14
10000,107,251,0.953271028037383,1.27450980392157,0.975,0.975,0.15
10000,107,251,0.953271028037383,1.27450980392157,0.975,0.975,0.16
10000,107,251,0.953271028037383,1.27450980392157,0.975,0.975,0.17
10000,107,251,0.953271028037383,1.27450980392157,0.975,0.975,0.18
10000,107,251,0.953271028037383,1.27450980392157,0.975,0.975,0.19
10000,107,251,0.953271028037383,1.27450980392157,0.975,0.975,0.2
10000,107,251,0.953271028037383,1.27450980392157,0.975,0.975,0.21
10000,107,251,0.953271028037383,1.27450980392157,0.975,0.975,0.22
10000,107,251,0.953271028037383,1.27450980392157,0.975,0.975,0.23
10000,107,251,0.953271028037383,1.27450980392157,0.975,0.975,0.24
10000,107,251,0.953271028037383,1.27450980392157,0.975,0.975,0.25
10000,107,251,0.953271028037383,1.27450980392157,0.975,0.975,0.26
10000,107,251,0.953271028037383,1.27450980392157,0.975,0.975,0.27
10000,107,251,0.953271028037383,1.27450980392157,0.975,0.975,0.28
10000,107,251,0.953271028037383,1.27450980392157,0.975,0.975,0.29
10000,107,251,0.953271028037383,1.27450980392157,0.975,0.975,0.3
10000,107,251,0.953271028037383,1.27450980392157,0.975,0.975,0.31
10000,107,251,0.953271028037383,1.27450980392157,0.975,0.975,0.32
10000,107,251,0.953271028037383,1.27450980392157,0.975,0.975,0.33
10000,107,251,0.953271028037383,1.27450980392157,0.975,0.975,0.34
10000,107,251,0.953271028037383,1.27450980392157,0.975,0.975,0.35
10000,107,251,0.953271028037383,1.27450980392157,0.975,0.975,0.36
10000,107,251,0.953271028037383,1.27450980392157,0.975,0.975,0.37
10000,107,251,0.953271028037383,1.27450980392157,0.975,0.975,0.38
10000,107,251,0.953271028037383,1.27450980392157,0.975,0.975,0.39
10000,107,251,0.953271028037383,1.27450980392157,0.975,0.975,0.4
10000,107,251,0.953271028037383,1.27450980392157,0.975,0.975,0.41
10000,107,251,0.953271028037383,1.27450980392157,0.975,0.975,0.42
10000,107,251,0.953271028037383,1.27450980392157,0.975,0.975,0.43
10000,107,251,0.953271028037383,1.27450980392157,0.975,0.975,0.44
10000,107,251,0.953271028037383,1.27450980392157,0.975,0.975,0.45
10000,107,251,0.953271028037383,1.27450980392157,0.975,0.975,0.46
10000,107,251,0.953271028037383,1.27450980392157,0.975,0.975,0.47
10000,107,251,0.953271028037383,1.27450980392157,0.975,0.975,0.48
10000,107,251,0.953271028037383,1.27450980392157,0.975,0.975,0.49
10000,107,251,0.953271028037383,1.27450980392157,0.975,0.975,0.5
10000,107,251,0.953271028037383,1.27450980392157,0.975,0.975,0.51
10000,107,251,0.953271028037383,1.27450980392157,0.975,0.975,0.52
10000,107,251,0.953271028037383,1.27450980392157,0.975,0.975,0.53
10000,107,251,0.953271028037383,1.27450980392157,0.975,0.975,0.54
10000,107,251,0.953271028037383,1.27450980392157,0.975,0.975,0.55
10000,107,251,0.953271028037383,1.27450980392157,0.975,0.975,0.56
10000,107,251,0.953271028037383,1.27450980392157,0.975,0.975,0.57
10000,107,251,0.953271028037383,1.27450980392157,0.975,0.975,0.58
10000,107,251,0.953271028037383,1.27450980392157,0.975,0.975,0.59
10000,107,251,0.953271028037383,1.27450980392157,0.975,0.975,0.6
10000,107,251,0.953271028037383,1.27450980392157,0.975,0.975,0.61
10000,107,251,0.953271028037383,1.27450980392157,0.975,0.975,0.62
10000,107,251,0.953271028037383,1.27450980392157,0.975,0.975,0.63
10000,107,251,0.953271028037383,1.27450980392157,0.975,0.975,0.64
10000,107,251,0.953271028037383,1.27450980392157,0.975,0.975,0.65
10000,107,251,0.953271028037383,1.27450980392157,0.975,0.975,0.66
10000,107,251,0.953271028037383,1.27450980392157,0.975,0.975,0.67
10000,107,251,0.953271028037383,1.27450980392157,0.975,0.975,0.68
10000,107,251,0.953271028037383,1.27450980392157,0.975,0.975,0.69
10000,107,251,0.953271028037383,1.27450980392157,0.975,0.975,0.7
10000,107,251,0.953271028037383,1.27450980392157,0.975,0.975,0.71
10000,107,251,0.953271028037383,1.27450980392157,0.975,0.975,0.72
10000,107,251,0.953271028037383,1.27450980392157,0.975,0.975,0.73
10000,107,251,0.953271028037383,1.27450980392157,0.975,0.975,0.74
10000,107,251,0.953271028037383,1.27450980392157,0.975,0.975,0.75
10000,107,251,0.953271028037383,1.27450980392157,0.975,0.975,0.76
10000,107,251,0.953271028037383,1.27450980392157,0.975,0.975,0.77
10000,107,251,0.953271028037383,1.27450980392157,0.975,0.975,0.78
10000,107,251,0.953271028037383,1.27450980392157,0.975,0.975,0.79
10000,107,251,0.953271028037383,1.27450980392157,0.975,0.975,0.8
10000,107,251,0.953271028037383,1.27450980392157,0.975,0.975,0.81
10000,107,251,0.953271028037383,1.27450980392157,0.975,0.975,0.82
10000,107,251,0.953271028037383,1.27450980392157,0.975,0.975,0.83
10000,107,251,0.953271028037383,1.27450980392157,0.975,0.975,0.84
10000,107,251,0.953271028037383,1.27450980392157,0.975,0.975,0.85
10000,107,251,0.953271028037383,1.27450980392157,0.975,0.975,0.86
10000,107,251,0.953271028037383,1.27450980392157,0.975,0.975,0.87
10000,107,251,0.953271028037383,1.27450980392157,0.975,0.975,0.88
10000,107,251,0.953271028037383,1.27450980392157,0.975,0.975,0.89
10000,107,251,0.953271028037383,1.27450980392157,0.975,0.975,0.9
10000,107,251,0.953271028037383,1.27450980392157,0.975,0.975,0.91
10000,107,251,0.953271028037383,1.27450980392157,0.975,0.975,0.92
10000,107,251,0.953271028037383,1.27450980392157,0.975,0.975,0.93
10000,107,251,0.953271028037383,1.27450980392157,0.975,0.975,0.94
10000,107,251,0.953271028037383,1.27450980392157,0.975,0.975,0.95
10000,107,251,0.953271028037383,1.27450980392157,0.975,0.975,0.96
10000,107,251,0.953271028037383,1.27450980392157,0.975,0.975,0.97
10000,107,251,0.953271028037383,1.27450980392157,0.975,0.975,0.98
10000,107,251,0.953271028037383,1.27450980392157,0.975,0.975,0.99
10000,107,251,0.953271028037383,1.27450980392157,0.975,0.975,1
