sim,sample_size,sensitivity,specificity,misrate,p,p_min,p_max,overall_or,or_t,theta0,theta1_true,theta1,snp
10000,402,1,1,0,0.5697,0.559994203899699,0.579405796100301,1.62895622895623,1.62895622895623,0.082089552238806,0.127155172413793,0.127155172413793,PTPN22
10000,402,1,1,0.01,0.5833,0.573635483784568,0.592964516215432,1.62234534518938,1.62895622895623,0.082089552238806,0.127155172413793,0.126704516212043,PTPN22
10000,402,1,1,0.02,0.5649,0.555181422334717,0.574618577665283,1.61574128087645,1.62895622895623,0.082089552238806,0.127155172413793,0.126253860010293,PTPN22
10000,402,1,1,0.03,0.5627,0.552975874015244,0.572424125984756,1.60914402547098,1.62895622895623,0.082089552238806,0.127155172413793,0.125803203808544,PTPN22
10000,402,1,1,0.04,0.5402,0.530430234176347,0.549969765823653,1.60255356844822,1.62895622895623,0.082089552238806,0.127155172413793,0.125352547606794,PTPN22
10000,402,1,1,0.05,0.5393,0.52952882712814,0.54907117287186,1.59596989930513,1.62895622895623,0.082089552238806,0.127155172413793,0.124901891405044,PTPN22
10000,402,1,1,0.06,0.5325,0.522719231172655,0.542280768827346,1.58939300756028,1.62895622895623,0.082089552238806,0.127155172413793,0.124451235203294,PTPN22
10000,402,1,1,0.07,0.526,0.516211764188189,0.535788235811811,1.58282288275381,1.62895622895623,0.082089552238806,0.127155172413793,0.124000579001544,PTPN22
10000,402,1,1,0.08,0.5089,0.499100056470894,0.518699943529106,1.57625951444739,1.62895622895623,0.082089552238806,0.127155172413793,0.123549922799794,PTPN22
10000,402,1,1,0.09,0.5135,0.503702076891612,0.523297923108388,1.56970289222411,1.62895622895623,0.082089552238806,0.127155172413793,0.123099266598044,PTPN22
10000,402,1,1,0.1,0.5027,0.49289864650168,0.51250135349832,1.56315300568851,1.62895622895623,0.082089552238806,0.127155172413793,0.122648610396295,PTPN22
10000,402,1,1,0.11,0.489,0.479200875844027,0.498799124155973,1.55660984446643,1.62895622895623,0.082089552238806,0.127155172413793,0.122197954194545,PTPN22
10000,402,1,1,0.12,0.4862,0.476402237499992,0.495997762500008,1.55007339820504,1.62895622895623,0.082089552238806,0.127155172413793,0.121747297992795,PTPN22
10000,402,1,1,0.13,0.4746,0.464811158831589,0.484388841168411,1.54354365657273,1.62895622895623,0.082089552238806,0.127155172413793,0.121296641791045,PTPN22
10000,402,1,1,0.14,0.4672,0.457419616016682,0.476980383983318,1.53702060925909,1.62895622895623,0.082089552238806,0.127155172413793,0.120845985589295,PTPN22
10000,402,1,1,0.15,0.4531,0.443341717798238,0.462858282201762,1.53050424597481,1.62895622895623,0.082089552238806,0.127155172413793,0.120395329387545,PTPN22
10000,402,1,1,0.16,0.4574,0.447634143117034,0.467165856882966,1.52399455645169,1.62895622895623,0.082089552238806,0.127155172413793,0.119944673185795,PTPN22
10000,402,1,1,0.17,0.4461,0.436355620828025,0.455844379171975,1.51749153044253,1.62895622895623,0.082089552238806,0.127155172413793,0.119494016984045,PTPN22
10000,402,1,1,0.18,0.4456,0.435856688610644,0.455343311389356,1.51099515772111,1.62895622895623,0.082089552238806,0.127155172413793,0.119043360782296,PTPN22
10000,402,1,1,0.19,0.4299,0.420195310970851,0.439604689029149,1.50450542808211,1.62895622895623,0.082089552238806,0.127155172413793,0.118592704580546,PTPN22
10000,402,1,1,0.2,0.4188,0.409128618388203,0.428471381611797,1.49802233134108,1.62895622895623,0.082089552238806,0.127155172413793,0.118142048378796,PTPN22
10000,402,1,1,0.21,0.4078,0.398166586705261,0.417433413294739,1.49154585733437,1.62895622895623,0.082089552238806,0.127155172413793,0.117691392177046,PTPN22
10000,402,1,1,0.22,0.3967,0.387109966074433,0.406290033925567,1.48507599591911,1.62895622895623,0.082089552238806,0.127155172413793,0.117240735975296,PTPN22
10000,402,1,1,0.23,0.3982,0.388603804211396,0.407796195788604,1.4786127369731,1.62895622895623,0.082089552238806,0.127155172413793,0.116790079773546,PTPN22
10000,402,1,1,0.24,0.3921,0.382529450507694,0.401670549492306,1.47215607039481,1.62895622895623,0.082089552238806,0.127155172413793,0.116339423571796,PTPN22
10000,402,1,1,0.25,0.3741,0.364614314738449,0.383585685261551,1.46570598610329,1.62895622895623,0.082089552238806,0.127155172413793,0.115888767370046,PTPN22
10000,402,1,1,0.26,0.3728,0.363320981795973,0.382279018204027,1.45926247403815,1.62895622895623,0.082089552238806,0.127155172413793,0.115438111168297,PTPN22
10000,402,1,1,0.27,0.3638,0.354369156014407,0.373230843985593,1.45282552415947,1.62895622895623,0.082089552238806,0.127155172413793,0.114987454966547,PTPN22
10000,402,1,1,0.28,0.3594,0.34999400195416,0.36880599804584,1.44639512644779,1.62895622895623,0.082089552238806,0.127155172413793,0.114536798764797,PTPN22
10000,402,1,1,0.29,0.3411,0.331806635009321,0.350393364990679,1.43997127090403,1.62895622895623,0.082089552238806,0.127155172413793,0.114086142563047,PTPN22
10000,402,1,1,0.3,0.3406,0.331309925989887,0.349890074010113,1.43355394754944,1.62895622895623,0.082089552238806,0.127155172413793,0.113635486361297,PTPN22
10000,402,1,1,0.31,0.33,0.320782423473228,0.339217576526772,1.42714314642557,1.62895622895623,0.082089552238806,0.127155172413793,0.113184830159547,PTPN22
10000,402,1,1,0.32,0.3344,0.325151694409287,0.343648305590713,1.42073885759417,1.62895622895623,0.082089552238806,0.127155172413793,0.112734173957797,PTPN22
10000,402,1,1,0.33,0.3093,0.300239397690733,0.318360602309267,1.41434107113722,1.62895622895623,0.082089552238806,0.127155172413793,0.112283517756047,PTPN22
10000,402,1,1,0.34,0.3138,0.304703502445041,0.322896497554959,1.40794977715678,1.62895622895623,0.082089552238806,0.127155172413793,0.111832861554298,PTPN22
10000,402,1,1,0.35,0.2961,0.287150535144079,0.305049464855921,1.40156496577501,1.62895622895623,0.082089552238806,0.127155172413793,0.111382205352548,PTPN22
10000,402,1,1,0.36,0.3038,0.29478463582164,0.31281536417836,1.39518662713411,1.62895622895623,0.082089552238806,0.127155172413793,0.110931549150798,PTPN22
10000,402,1,1,0.37,0.294,0.285069034815489,0.302930965184511,1.38881475139624,1.62895622895623,0.082089552238806,0.127155172413793,0.110480892949048,PTPN22
10000,402,1,1,0.38,0.2839,0.275061228355524,0.292738771644476,1.38244932874349,1.62895622895623,0.082089552238806,0.127155172413793,0.110030236747298,PTPN22
10000,402,1,1,0.39,0.2758,0.267039099019198,0.284560900980802,1.37609034937782,1.62895622895623,0.082089552238806,0.127155172413793,0.109579580545548,PTPN22
10000,402,1,1,0.4,0.2621,0.253479059528033,0.270720940471967,1.36973780352103,1.62895622895623,0.082089552238806,0.127155172413793,0.109128924343798,PTPN22
10000,402,1,1,0.41,0.2568,0.24823607725606,0.26536392274394,1.36339168141469,1.62895622895623,0.082089552238806,0.127155172413793,0.108678268142048,PTPN22
10000,402,1,1,0.42,0.2583,0.24971977407768,0.26688022592232,1.3570519733201,1.62895622895623,0.082089552238806,0.127155172413793,0.108227611940299,PTPN22
10000,402,1,1,0.43,0.2495,0.241017321564833,0.257982678435167,1.35071866951821,1.62895622895623,0.082089552238806,0.127155172413793,0.107776955738549,PTPN22
10000,402,1,1,0.44,0.2478,0.239336700768999,0.256263299231001,1.34439176030964,1.62895622895623,0.082089552238806,0.127155172413793,0.107326299536799,PTPN22
10000,402,1,1,0.45,0.2305,0.222244143082485,0.238755856917515,1.33807123601454,1.62895622895623,0.082089552238806,0.127155172413793,0.106875643335049,PTPN22
10000,402,1,1,0.46,0.2287,0.220466829133247,0.236933170866753,1.33175708697263,1.62895622895623,0.082089552238806,0.127155172413793,0.106424987133299,PTPN22
10000,402,1,1,0.47,0.2227,0.214544007401229,0.230855992598771,1.32544930354308,1.62895622895623,0.082089552238806,0.127155172413793,0.105974330931549,PTPN22
10000,402,1,1,0.48,0.2101,0.202114144202911,0.218085855797089,1.31914787610449,1.62895622895623,0.082089552238806,0.127155172413793,0.105523674729799,PTPN22
10000,402,1,1,0.49,0.2055,0.197579086976236,0.213420913023764,1.31285279505486,1.62895622895623,0.082089552238806,0.127155172413793,0.105073018528049,PTPN22
10000,402,1,1,0.5,0.2018,0.193932462469462,0.209667537530538,1.3065640508115,1.62895622895623,0.082089552238806,0.127155172413793,0.1046223623263,PTPN22
10000,402,1,1,0.51,0.1989,0.191075021768196,0.206724978231804,1.30028163381102,1.62895622895623,0.082089552238806,0.127155172413793,0.10417170612455,PTPN22
10000,402,1,1,0.52,0.1913,0.183589658973741,0.199010341026259,1.29400553450925,1.62895622895623,0.082089552238806,0.127155172413793,0.1037210499228,PTPN22
10000,402,1,1,0.53,0.1854,0.177781851248562,0.193018148751438,1.2877357433812,1.62895622895623,0.082089552238806,0.127155172413793,0.10327039372105,PTPN22
10000,402,1,1,0.54,0.1809,0.173354115959071,0.188445884040929,1.28147225092105,1.62895622895623,0.082089552238806,0.127155172413793,0.1028197375193,PTPN22
10000,402,1,1,0.55,0.1769,0.169419810539751,0.184380189460249,1.27521504764204,1.62895622895623,0.082089552238806,0.127155172413793,0.10236908131755,PTPN22
10000,402,1,1,0.56,0.1712,0.16381587343413,0.17858412656587,1.26896412407645,1.62895622895623,0.082089552238806,0.127155172413793,0.1019184251158,PTPN22
10000,402,1,1,0.57,0.1666,0.159295565026021,0.173904434973979,1.26271947077558,1.62895622895623,0.082089552238806,0.127155172413793,0.10146776891405,PTPN22
10000,402,1,1,0.58,0.1669,0.159590307356623,0.174209692643377,1.25648107830966,1.62895622895623,0.082089552238806,0.127155172413793,0.101017112712301,PTPN22
10000,402,1,1,0.59,0.1477,0.140744812016599,0.154655187983402,1.25024893726781,1.62895622895623,0.082089552238806,0.127155172413793,0.100566456510551,PTPN22
10000,402,1,1,0.6,0.1525,0.145452628660461,0.159547371339539,1.24402303825801,1.62895622895623,0.082089552238806,0.127155172413793,0.100115800308801,PTPN22
10000,402,1,1,0.61,0.1435,0.136627543259307,0.150372456740693,1.23780337190706,1.62895622895623,0.082089552238806,0.127155172413793,0.099665144107051,PTPN22
10000,402,1,1,0.62,0.1358,0.129084483869699,0.142515516130301,1.2315899288605,1.62895622895623,0.082089552238806,0.127155172413793,0.0992144879053011,PTPN22
10000,402,1,1,0.63,0.1342,0.127517985260548,0.140882014739452,1.22538269978257,1.62895622895623,0.082089552238806,0.127155172413793,0.0987638317035513,PTPN22
10000,402,1,1,0.64,0.1301,0.123505290121844,0.136694709878156,1.2191816753562,1.62895622895623,0.082089552238806,0.127155172413793,0.0983131755018014,PTPN22
10000,402,1,1,0.65,0.122,0.115584218662384,0.128415781337616,1.21298684628292,1.62895622895623,0.082089552238806,0.127155172413793,0.0978625193000515,PTPN22
10000,402,1,1,0.66,0.1235,0.117050414273996,0.129949585726004,1.20679820328284,1.62895622895623,0.082089552238806,0.127155172413793,0.0974118630983016,PTPN22
10000,402,1,1,0.67,0.1206,0.114216053112257,0.126983946887743,1.20061573709458,1.62895622895623,0.082089552238806,0.127155172413793,0.0969612068965518,PTPN22
10000,402,1,1,0.68,0.1133,0.107086651837756,0.119513348162244,1.19443943847526,1.62895622895623,0.082089552238806,0.127155172413793,0.0965105506948019,PTPN22
10000,402,1,1,0.69,0.1087,0.102598324518056,0.114801675481944,1.18826929820041,1.62895622895623,0.082089552238806,0.127155172413793,0.096059894493052,PTPN22
10000,402,1,1,0.7,0.1009,0.0949956517843235,0.106804348215677,1.18210530706396,1.62895622895623,0.082089552238806,0.127155172413793,0.0956092382913022,PTPN22
10000,402,1,1,0.71,0.0974,0.0915876799050705,0.10321232009493,1.17594745587818,1.62895622895623,0.082089552238806,0.127155172413793,0.0951585820895523,PTPN22
10000,402,1,1,0.72,0.0982,0.0923664457633899,0.10403355423661,1.16979573547362,1.62895622895623,0.082089552238806,0.127155172413793,0.0947079258878024,PTPN22
10000,402,1,1,0.73,0.0938,0.0880847421512162,0.0995152578487837,1.1636501366991,1.62895622895623,0.082089552238806,0.127155172413793,0.0942572696860526,PTPN22
10000,402,1,1,0.74,0.0909,0.0852647894010823,0.0965352105989177,1.15751065042163,1.62895622895623,0.082089552238806,0.127155172413793,0.0938066134843027,PTPN22
10000,402,1,1,0.75,0.0882,0.0826408746463136,0.0937591253536864,1.15137726752639,1.62895622895623,0.082089552238806,0.127155172413793,0.0933559572825528,PTPN22
10000,402,1,1,0.76,0.0842,0.0787564934982778,0.0896435065017222,1.14524997891665,1.62895622895623,0.082089552238806,0.127155172413793,0.0929053010808029,PTPN22
10000,402,1,1,0.77,0.0825,0.0771067271597002,0.0878932728402998,1.13912877551378,1.62895622895623,0.082089552238806,0.127155172413793,0.0924546448790531,PTPN22
10000,402,1,1,0.78,0.0864,0.0808924645995195,0.0919075354004805,1.13301364825714,1.62895622895623,0.082089552238806,0.127155172413793,0.0920039886773032,PTPN22
10000,402,1,1,0.79,0.0795,0.0741970462259672,0.0848029537740328,1.12690458810411,1.62895622895623,0.082089552238806,0.127155172413793,0.0915533324755533,PTPN22
10000,402,1,1,0.8,0.0752,0.0700304205834831,0.0803695794165169,1.12080158602996,1.62895622895623,0.082089552238806,0.127155172413793,0.0911026762738035,PTPN22
10000,402,1,1,0.81,0.0689,0.0639348753622208,0.0738651246377792,1.11470463302789,1.62895622895623,0.082089552238806,0.127155172413793,0.0906520200720536,PTPN22
10000,402,1,1,0.82,0.0679,0.0629683923027161,0.0728316076972839,1.10861372010891,1.62895622895623,0.082089552238806,0.127155172413793,0.0902013638703037,PTPN22
10000,402,1,1,0.83,0.0656,0.0607466600180062,0.0704533399819939,1.10252883830186,1.62895622895623,0.082089552238806,0.127155172413793,0.0897507076685538,PTPN22
10000,402,1,1,0.84,0.0682,0.0632583051859933,0.0731416948140067,1.09644997865333,1.62895622895623,0.082089552238806,0.127155172413793,0.089300051466804,PTPN22
10000,402,1,1,0.85,0.0632,0.0584301539644256,0.0679698460355745,1.0903771322276,1.62895622895623,0.082089552238806,0.127155172413793,0.0888493952650541,PTPN22
10000,402,1,1,0.86,0.062,0.0572726294585505,0.0667273705414495,1.08431029010665,1.62895622895623,0.082089552238806,0.127155172413793,0.0883987390633042,PTPN22
10000,402,1,1,0.87,0.0624,0.057658415715479,0.067141584284521,1.07824944339008,1.62895622895623,0.082089552238806,0.127155172413793,0.0879480828615543,PTPN22
10000,402,1,1,0.88,0.0601,0.0554409170632248,0.0647590829367752,1.07219458319505,1.62895622895623,0.082089552238806,0.127155172413793,0.0874974266598045,PTPN22
10000,402,1,1,0.89,0.0603,0.0556336678344617,0.0649663321655383,1.0661457006563,1.62895622895623,0.082089552238806,0.127155172413793,0.0870467704580546,PTPN22
10000,402,1,1,0.9,0.0572,0.05264770726101,0.06175229273899,1.06010278692603,1.62895622895623,0.082089552238806,0.127155172413793,0.0865961142563047,PTPN22
10000,402,1,1,0.91,0.0512,0.0468793936545568,0.0555206063454432,1.0540658331739,1.62895622895623,0.082089552238806,0.127155172413793,0.0861454580545549,PTPN22
10000,402,1,1,0.92,0.0539,0.0494732470592546,0.0583267529407454,1.04803483058699,1.62895622895623,0.082089552238806,0.127155172413793,0.085694801852805,PTPN22
10000,402,1,1,0.93,0.0536,0.0491848837677745,0.0580151162322255,1.04200977036975,1.62895622895623,0.082089552238806,0.127155172413793,0.0852441456510551,PTPN22
10000,402,1,1,0.94,0.0515,0.0471674392322817,0.0558325607677183,1.03599064374393,1.62895622895623,0.082089552238806,0.127155172413793,0.0847934894493052,PTPN22
10000,402,1,1,0.95,0.0504,0.0461114744501479,0.0546885255498521,1.02997744194859,1.62895622895623,0.082089552238806,0.127155172413793,0.0843428332475554,PTPN22
10000,402,1,1,0.96,0.0513,0.0469754042868271,0.0556245957131729,1.02397015624,1.62895622895623,0.082089552238806,0.127155172413793,0.0838921770458055,PTPN22
10000,402,1,1,0.97,0.0485,0.0442888797187993,0.0527111202812007,1.01796877789167,1.62895622895623,0.082089552238806,0.127155172413793,0.0834415208440556,PTPN22
10000,402,1,1,0.98,0.0514,0.0470714194836002,0.0557285805163998,1.01197329819421,1.62895622895623,0.082089552238806,0.127155172413793,0.0829908646423058,PTPN22
10000,402,1,1,0.99,0.0471,0.0429470519576776,0.0512529480423225,1.00598370845538,1.62895622895623,0.082089552238806,0.127155172413793,0.0825402084405559,PTPN22
10000,402,1,1,1,0.0485,0.0442888797187993,0.0527111202812007,1,1.62895622895623,0.082089552238806,0.127155172413793,0.082089552238806,PTPN22
10000,402,1,1,0,0.87,0.863407446193044,0.876592553806956,1.53899186256781,1.53899186256781,0.557213930348259,0.65948275862069,0.65948275862069,CTLA4
10000,402,1,1,0.01,0.8642,0.857484483869699,0.870915516130301,1.53200415578234,1.53899186256781,0.557213930348259,0.65948275862069,0.658460070337965,CTLA4
10000,402,1,1,0.02,0.8536,0.846670209230455,0.860529790769545,1.52505817127175,1.53899186256781,0.557213930348259,0.65948275862069,0.657437382055241,CTLA4
10000,402,1,1,0.03,0.8481,0.841064016713202,0.855135983286798,1.51815353647455,1.53899186256781,0.557213930348259,0.65948275862069,0.656414693772517,CTLA4
10000,402,1,1,0.04,0.8455,0.838414941695883,0.852585058304118,1.51128988325188,1.53899186256781,0.557213930348259,0.65948275862069,0.655392005489792,CTLA4
10000,402,1,1,0.05,0.84,0.832813424127908,0.847186575872092,1.50446684782199,1.53899186256781,0.557213930348259,0.65948275862069,0.654369317207068,CTLA4
10000,402,1,1,0.06,0.8246,0.817144807868065,0.832055192131935,1.49768407069604,1.53899186256781,0.557213930348259,0.65948275862069,0.653346628924344,CTLA4
10000,402,1,1,0.07,0.8122,0.80454400454103,0.81985599545897,1.49094119661492,1.53899186256781,0.557213930348259,0.65948275862069,0.652323940641619,CTLA4
10000,402,1,1,0.08,0.803,0.795203256150488,0.810796743849513,1.48423787448723,1.53899186256781,0.557213930348259,0.65948275862069,0.651301252358895,CTLA4
10000,402,1,1,0.09,0.7958,0.787897723584183,0.803702276415817,1.47757375732836,1.53899186256781,0.557213930348259,0.65948275862069,0.650278564076171,CTLA4
10000,402,1,1,0.1,0.7947,0.786781945953089,0.802618054046911,1.4709485022006,1.53899186256781,0.557213930348259,0.65948275862069,0.649255875793446,CTLA4
10000,402,1,1,0.11,0.7818,0.773703495029951,0.789896504970049,1.46436177015432,1.53899186256781,0.557213930348259,0.65948275862069,0.648233187510722,CTLA4
10000,402,1,1,0.12,0.7701,0.76185168139467,0.778348318605331,1.45781322617015,1.53899186256781,0.557213930348259,0.65948275862069,0.647210499227998,CTLA4
10000,402,1,1,0.13,0.7574,0.748997076122041,0.765802923877959,1.45130253910222,1.53899186256781,0.557213930348259,0.65948275862069,0.646187810945274,CTLA4
10000,402,1,1,0.14,0.751,0.742523003132319,0.759476996867681,1.44482938162229,1.53899186256781,0.557213930348259,0.65948275862069,0.645165122662549,CTLA4
10000,402,1,1,0.15,0.7322,0.723519544215963,0.740880455784037,1.43839343016491,1.53899186256781,0.557213930348259,0.65948275862069,0.644142434379825,CTLA4
10000,402,1,1,0.16,0.738,0.729380120252394,0.746619879747606,1.43199436487354,1.53899186256781,0.557213930348259,0.65948275862069,0.643119746097101,CTLA4
10000,402,1,1,0.17,0.7298,0.721095035938102,0.738504964061899,1.42563186954749,1.53899186256781,0.557213930348259,0.65948275862069,0.642097057814376,CTLA4
10000,402,1,1,0.18,0.7143,0.705444403378989,0.723155596621011,1.41930563158992,1.53899186256781,0.557213930348259,0.65948275862069,0.641074369531652,CTLA4
10000,402,1,1,0.19,0.7051,0.696161078482545,0.714038921517455,1.41301534195656,1.53899186256781,0.557213930348259,0.65948275862069,0.640051681248928,CTLA4
10000,402,1,1,0.2,0.6782,0.669042133816691,0.687357866183309,1.40676069510547,1.53899186256781,0.557213930348259,0.65948275862069,0.639028992966203,CTLA4
10000,402,1,1,0.21,0.6818,0.672669365322419,0.690930634677581,1.40054138894749,1.53899186256781,0.557213930348259,0.65948275862069,0.638006304683479,CTLA4
10000,402,1,1,0.22,0.6644,0.655143470946367,0.673656529053633,1.39435712479765,1.53899186256781,0.557213930348259,0.65948275862069,0.636983616400755,CTLA4
10000,402,1,1,0.23,0.653,0.643668666556696,0.662331333443304,1.38820760732734,1.53899186256781,0.557213930348259,0.65948275862069,0.635960928118031,CTLA4
10000,402,1,1,0.24,0.6435,0.634110846843762,0.652889153156238,1.38209254451729,1.53899186256781,0.557213930348259,0.65948275862069,0.634938239835306,CTLA4
10000,402,1,1,0.25,0.6326,0.623149461615098,0.642050538384902,1.37601164761138,1.53899186256781,0.557213930348259,0.65948275862069,0.633915551552582,CTLA4
10000,402,1,1,0.26,0.6206,0.61108788856272,0.63011211143728,1.36996463107111,1.53899186256781,0.557213930348259,0.65948275862069,0.632892863269858,CTLA4
10000,402,1,1,0.27,0.6138,0.604255746686488,0.623344253313512,1.36395121253102,1.53899186256781,0.557213930348259,0.65948275862069,0.631870174987133,CTLA4
10000,402,1,1,0.28,0.5953,0.585678186734775,0.604921813265225,1.35797111275463,1.53899186256781,0.557213930348259,0.65948275862069,0.630847486704409,CTLA4
10000,402,1,1,0.29,0.5881,0.578451854010444,0.597748145989556,1.35202405559127,1.53899186256781,0.557213930348259,0.65948275862069,0.629824798421685,CTLA4
10000,402,1,1,0.3,0.5716,0.561899520063079,0.581300479936921,1.34610976793358,1.53899186256781,0.557213930348259,0.65948275862069,0.62880211013896,CTLA4
10000,402,1,1,0.31,0.5597,0.549968621228114,0.569431378771887,1.34022797967568,1.53899186256781,0.557213930348259,0.65948275862069,0.627779421856236,CTLA4
10000,402,1,1,0.32,0.5486,0.538844914961664,0.558355085038336,1.33437842367204,1.53899186256781,0.557213930348259,0.65948275862069,0.626756733573512,CTLA4
10000,402,1,1,0.33,0.5428,0.533034479163822,0.552565520836178,1.32856083569706,1.53899186256781,0.557213930348259,0.65948275862069,0.625734045290787,CTLA4
10000,402,1,1,0.34,0.5263,0.516512072180673,0.536087927819327,1.32277495440528,1.53899186256781,0.557213930348259,0.65948275862069,0.624711357008063,CTLA4
10000,402,1,1,0.35,0.5206,0.510806825853983,0.530393174146017,1.31702052129223,1.53899186256781,0.557213930348259,0.65948275862069,0.623688668725339,CTLA4
10000,402,1,1,0.36,0.5041,0.494298833126669,0.513901166873331,1.31129728065595,1.53899186256781,0.557213930348259,0.65948275862069,0.622665980442615,CTLA4
10000,402,1,1,0.37,0.4846,0.474803153743686,0.494396846256314,1.30560497955908,1.53899186256781,0.557213930348259,0.65948275862069,0.62164329215989,CTLA4
10000,402,1,1,0.38,0.4758,0.466009990622737,0.485590009377263,1.29994336779164,1.53899186256781,0.557213930348259,0.65948275862069,0.620620603877166,CTLA4
10000,402,1,1,0.39,0.4507,0.440946264839563,0.460453735160437,1.29431219783435,1.53899186256781,0.557213930348259,0.65948275862069,0.619597915594442,CTLA4
10000,402,1,1,0.4,0.4446,0.434858854113636,0.454341145886365,1.28871122482254,1.53899186256781,0.557213930348259,0.65948275862069,0.618575227311717,CTLA4
10000,402,1,1,0.41,0.4424,0.43266375884461,0.45213624115539,1.28314020651068,1.53899186256781,0.557213930348259,0.65948275862069,0.617552539028993,CTLA4
10000,402,1,1,0.42,0.4294,0.419696703898029,0.439103296101971,1.27759890323746,1.53899186256781,0.557213930348259,0.65948275862069,0.616529850746269,CTLA4
10000,402,1,1,0.43,0.4187,0.409028941227847,0.428371058772153,1.2720870778914,1.53899186256781,0.557213930348259,0.65948275862069,0.615507162463544,CTLA4
10000,402,1,1,0.44,0.4064,0.396771776202803,0.416028223797197,1.26660449587704,1.53899186256781,0.557213930348259,0.65948275862069,0.61448447418082,CTLA4
10000,402,1,1,0.45,0.3929,0.383325998052803,0.402474001947198,1.26115092508164,1.53899186256781,0.557213930348259,0.65948275862069,0.613461785898096,CTLA4
10000,402,1,1,0.46,0.3786,0.369091799965046,0.388108200034954,1.25572613584247,1.53899186256781,0.557213930348259,0.65948275862069,0.612439097615372,CTLA4
10000,402,1,1,0.47,0.3668,0.357352704555463,0.376247295444537,1.25032990091452,1.53899186256781,0.557213930348259,0.65948275862069,0.611416409332647,CTLA4
10000,402,1,1,0.48,0.351,0.341643826057555,0.360356173942445,1.24496199543879,1.53899186256781,0.557213930348259,0.65948275862069,0.610393721049923,CTLA4
10000,402,1,1,0.49,0.3472,0.337867407314607,0.356532592685393,1.23962219691105,1.53899186256781,0.557213930348259,0.65948275862069,0.609371032767199,CTLA4
10000,402,1,1,0.5,0.3369,0.32763463782722,0.34616536217278,1.2343102851511,1.53899186256781,0.557213930348259,0.65948275862069,0.608348344484474,CTLA4
10000,402,1,1,0.51,0.3196,0.310458700914942,0.328741299085058,1.22902604227251,1.53899186256781,0.557213930348259,0.65948275862069,0.60732565620175,CTLA4
10000,402,1,1,0.52,0.3045,0.295478794079017,0.313521205920983,1.22376925265282,1.53899186256781,0.557213930348259,0.65948275862069,0.606302967919026,CTLA4
10000,402,1,1,0.53,0.3034,0.294387985041357,0.312412014958643,1.21853970290422,1.53899186256781,0.557213930348259,0.65948275862069,0.605280279636301,CTLA4
10000,402,1,1,0.54,0.2865,0.277636980955312,0.295363019044688,1.21333718184466,1.53899186256781,0.557213930348259,0.65948275862069,0.604257591353577,CTLA4
10000,402,1,1,0.55,0.2816,0.272782979151872,0.290417020848129,1.20816148046943,1.53899186256781,0.557213930348259,0.65948275862069,0.603234903070853,CTLA4
10000,402,1,1,0.56,0.2776,0.268821486523725,0.286378513476275,1.2030123919232,1.53899186256781,0.557213930348259,0.65948275862069,0.602212214788128,CTLA4
10000,402,1,1,0.57,0.253,0.244477972287636,0.261522027712364,1.19788971147241,1.53899186256781,0.557213930348259,0.65948275862069,0.601189526505404,CTLA4
10000,402,1,1,0.58,0.2481,0.239633268155088,0.256566731844912,1.19279323647816,1.53899186256781,0.557213930348259,0.65948275862069,0.60016683822268,CTLA4
10000,402,1,1,0.59,0.2372,0.22886155506436,0.24553844493564,1.1877227663695,1.53899186256781,0.557213930348259,0.65948275862069,0.599144149939956,CTLA4
10000,402,1,1,0.6,0.2422,0.233801789605684,0.250598210394316,1.18267810261711,1.53899186256781,0.557213930348259,0.65948275862069,0.598121461657231,CTLA4
10000,402,1,1,0.61,0.2206,0.212471594979556,0.228728405020444,1.17765904870738,1.53899186256781,0.557213930348259,0.65948275862069,0.597098773374507,CTLA4
10000,402,1,1,0.62,0.2088,0.200832340482257,0.216767659517743,1.17266541011688,1.53899186256781,0.557213930348259,0.65948275862069,0.596076085091783,CTLA4
10000,402,1,1,0.63,0.2064,0.198466258305408,0.214333741694592,1.16769699428729,1.53899186256781,0.557213930348259,0.65948275862069,0.595053396809058,CTLA4
10000,402,1,1,0.64,0.1894,0.181719037095604,0.197080962904396,1.16275361060057,1.53899186256781,0.557213930348259,0.65948275862069,0.594030708526334,CTLA4
10000,402,1,1,0.65,0.1861,0.178470763261695,0.193729236738305,1.15783507035463,1.53899186256781,0.557213930348259,0.65948275862069,0.59300802024361,CTLA4
10000,402,1,1,0.66,0.1809,0.173354115959071,0.188445884040929,1.1529411867393,1.53899186256781,0.557213930348259,0.65948275862069,0.591985331960885,CTLA4
10000,402,1,1,0.67,0.168,0.160671101878458,0.175328898121542,1.1480717748127,1.53899186256781,0.557213930348259,0.65948275862069,0.590962643678161,CTLA4
10000,402,1,1,0.68,0.1693,0.161948550725467,0.176651449274533,1.14322665147791,1.53899186256781,0.557213930348259,0.65948275862069,0.589939955395437,CTLA4
10000,402,1,1,0.69,0.1572,0.150064721729306,0.164335278270694,1.13840563546005,1.53899186256781,0.557213930348259,0.65948275862069,0.588917267112712,CTLA4
10000,402,1,1,0.7,0.1492,0.142215737836571,0.156184262163429,1.13360854728366,1.53899186256781,0.557213930348259,0.65948275862069,0.587894578829988,CTLA4
10000,402,1,1,0.71,0.141,0.134177736036783,0.147822263963217,1.12883520925041,1.53899186256781,0.557213930348259,0.65948275862069,0.586871890547264,CTLA4
10000,402,1,1,0.72,0.1308,0.124190233594311,0.137409766405689,1.12408544541721,1.53899186256781,0.557213930348259,0.65948275862069,0.58584920226454,CTLA4
10000,402,1,1,0.73,0.1326,0.125951803435497,0.139248196564503,1.11935908157452,1.53899186256781,0.557213930348259,0.65948275862069,0.584826513981815,CTLA4
10000,402,1,1,0.74,0.1229,0.116463898602349,0.129336101397651,1.11465594522511,1.53899186256781,0.557213930348259,0.65948275862069,0.583803825699091,CTLA4
10000,402,1,1,0.75,0.1156,0.109332047961795,0.121867952038205,1.10997586556306,1.53899186256781,0.557213930348259,0.65948275862069,0.582781137416367,CTLA4
10000,402,1,1,0.76,0.1131,0.106891438169978,0.119308561830022,1.10531867345306,1.53899186256781,0.557213930348259,0.65948275862069,0.581758449133642,CTLA4
10000,402,1,1,0.77,0.1033,0.0973338230997915,0.109266176900208,1.10068420141006,1.53899186256781,0.557213930348259,0.65948275862069,0.580735760850918,CTLA4
10000,402,1,1,0.78,0.0983,0.0924637998907931,0.104136200109207,1.09607228357917,1.53899186256781,0.557213930348259,0.65948275862069,0.579713072568194,CTLA4
10000,402,1,1,0.79,0.0998,0.0939243332550564,0.105675666744944,1.0914827557159,1.53899186256781,0.557213930348259,0.65948275862069,0.578690384285469,CTLA4
10000,402,1,1,0.8,0.097,0.0911983420162828,0.102801657983717,1.08691545516664,1.53899186256781,0.557213930348259,0.65948275862069,0.577667696002745,CTLA4
10000,402,1,1,0.81,0.0847,0.0792418455978621,0.0901581544021379,1.08237022084946,1.53899186256781,0.557213930348259,0.65948275862069,0.576645007720021,CTLA4
10000,402,1,1,0.82,0.0795,0.0741970462259672,0.0848029537740328,1.07784689323516,1.53899186256781,0.557213930348259,0.65948275862069,0.575622319437296,CTLA4
10000,402,1,1,0.83,0.0847,0.0792418455978621,0.0901581544021379,1.07334531432861,1.53899186256781,0.557213930348259,0.65948275862069,0.574599631154572,CTLA4
10000,402,1,1,0.84,0.0805,0.0751666978630203,0.0858333021369797,1.06886532765036,1.53899186256781,0.557213930348259,0.65948275862069,0.573576942871848,CTLA4
10000,402,1,1,0.85,0.0745,0.069352590395568,0.079647409604432,1.06440677821851,1.53899186256781,0.557213930348259,0.65948275862069,0.572554254589124,CTLA4
10000,402,1,1,0.86,0.067,0.0620988205505424,0.0719011794494576,1.05996951253082,1.53899186256781,0.557213930348259,0.65948275862069,0.571531566306399,CTLA4
10000,402,1,1,0.87,0.0667,0.061809019509215,0.071590980490785,1.05555337854711,1.53899186256781,0.557213930348259,0.65948275862069,0.570508878023675,CTLA4
10000,402,1,1,0.88,0.0676,0.0626785071212974,0.0725214928787026,1.05115822567189,1.53899186256781,0.557213930348259,0.65948275862069,0.569486189740951,CTLA4
10000,402,1,1,0.89,0.0634,0.0586231226971392,0.0681768773028608,1.04678390473725,1.53899186256781,0.557213930348259,0.65948275862069,0.568463501458226,CTLA4
10000,402,1,1,0.9,0.0613,0.0565976383504368,0.0660023616495632,1.04243026798595,1.53899186256781,0.557213930348259,0.65948275862069,0.567440813175502,CTLA4
10000,402,1,1,0.91,0.0584,0.0538031320420106,0.0629968679579894,1.03809716905484,1.53899186256781,0.557213930348259,0.65948275862069,0.566418124892778,CTLA4
10000,402,1,1,0.92,0.0572,0.05264770726101,0.06175229273899,1.0337844629584,1.53899186256781,0.557213930348259,0.65948275862069,0.565395436610053,CTLA4
10000,402,1,1,0.93,0.0554,0.0509156321157491,0.0598843678842509,1.02949200607261,1.53899186256781,0.557213930348259,0.65948275862069,0.564372748327329,CTLA4
10000,402,1,1,0.94,0.053,0.0486082733093201,0.0573917266906799,1.02521965611898,1.53899186256781,0.557213930348259,0.65948275862069,0.563350060044605,CTLA4
10000,402,1,1,0.95,0.0527,0.0483200267624635,0.0570799732375365,1.02096727214886,1.53899186256781,0.557213930348259,0.65948275862069,0.562327371761881,CTLA4
10000,402,1,1,0.96,0.0518,0.047455525664739,0.056144474335261,1.01673471452789,1.53899186256781,0.557213930348259,0.65948275862069,0.561304683479156,CTLA4
10000,402,1,1,0.97,0.052,0.0476476058177303,0.0563523941822697,1.01252184492078,1.53899186256781,0.557213930348259,0.65948275862069,0.560281995196432,CTLA4
10000,402,1,1,0.98,0.0533,0.048896559081831,0.057703440918169,1.00832852627618,1.53899186256781,0.557213930348259,0.65948275862069,0.559259306913708,CTLA4
10000,402,1,1,0.99,0.0508,0.0464953970245351,0.0551046029754649,1.00415462281185,1.53899186256781,0.557213930348259,0.65948275862069,0.558236618630983,CTLA4
10000,402,1,1,1,0.0489,0.0446724388225687,0.0531275611774313,1,1.53899186256781,0.557213930348259,0.65948275862069,0.557213930348259,CTLA4
10000,402,1,1,0,0.0729,0.0678037651273484,0.0779962348726516,0.937686939182453,0.937686939182453,0.507462686567164,0.491379310344828,0.491379310344828,IRF5
10000,402,1,1,0.01,0.0758,0.0706115221679079,0.0809884778320921,0.93829055630603,0.937686939182453,0.507462686567164,0.491379310344828,0.491540144107051,IRF5
10000,402,1,1,0.02,0.0764,0.0711927189047573,0.0816072810952428,0.938894555417408,0.937686939182453,0.507462686567164,0.491379310344828,0.491700977869274,IRF5
10000,402,1,1,0.03,0.0752,0.0700304205834831,0.0803695794165169,0.939498936879303,0.937686939182453,0.507462686567164,0.491379310344828,0.491861811631498,IRF5
10000,402,1,1,0.04,0.0717,0.0666426136308875,0.0767573863691125,0.94010370105489,0.937686939182453,0.507462686567164,0.491379310344828,0.492022645393721,IRF5
10000,402,1,1,0.05,0.0733,0.0681909053375388,0.0784090946624612,0.940708848307804,0.937686939182453,0.507462686567164,0.491379310344828,0.492183479155944,IRF5
10000,402,1,1,0.06,0.0747,0.0695462427040283,0.0798537572959717,0.94131437900214,0.937686939182453,0.507462686567164,0.491379310344828,0.492344312918168,IRF5
10000,402,1,1,0.07,0.0717,0.0666426136308875,0.0767573863691125,0.941920293502455,0.937686939182453,0.507462686567164,0.491379310344828,0.492505146680391,IRF5
10000,402,1,1,0.08,0.0773,0.0720646901795001,0.0825353098204999,0.94252659217377,0.937686939182453,0.507462686567164,0.491379310344828,0.492665980442614,IRF5
10000,402,1,1,0.09,0.0721,0.0670296189309404,0.0771703810690596,0.943133275381568,0.937686939182453,0.507462686567164,0.491379310344828,0.492826814204838,IRF5
10000,402,1,1,0.1,0.0757,0.0705146652679981,0.0808853347320019,0.943740343491794,0.937686939182453,0.507462686567164,0.491379310344828,0.492987647967061,IRF5
10000,402,1,1,0.11,0.0718,0.0667393606886528,0.0768606393113473,0.944347796870859,0.937686939182453,0.507462686567164,0.491379310344828,0.493148481729285,IRF5
10000,402,1,1,0.12,0.0704,0.0653851636206288,0.0754148363793712,0.944955635885639,0.937686939182453,0.507462686567164,0.491379310344828,0.493309315491508,IRF5
10000,402,1,1,0.13,0.0748,0.0696430729060366,0.0799569270939634,0.945563860903478,0.937686939182453,0.507462686567164,0.491379310344828,0.493470149253731,IRF5
10000,402,1,1,0.14,0.0708,0.0657720192065524,0.0758279807934476,0.946172472292183,0.937686939182453,0.507462686567164,0.491379310344828,0.493630983015955,IRF5
10000,402,1,1,0.15,0.0696,0.0646115933294484,0.0745884066705516,0.946781470420029,0.937686939182453,0.507462686567164,0.491379310344828,0.493791816778178,IRF5
10000,402,1,1,0.16,0.0684,0.0634515957477559,0.0733484042522442,0.947390855655764,0.937686939182453,0.507462686567164,0.491379310344828,0.493952650540401,IRF5
10000,402,1,1,0.17,0.0673,0.0623886498128913,0.0722113501871087,0.948000628368598,0.937686939182453,0.507462686567164,0.491379310344828,0.494113484302625,IRF5
10000,402,1,1,0.18,0.0684,0.0634515957477559,0.0733484042522442,0.948610788928216,0.937686939182453,0.507462686567164,0.491379310344828,0.494274318064848,IRF5
10000,402,1,1,0.19,0.0687,0.0637415544254978,0.0736584455745022,0.949221337704771,0.937686939182453,0.507462686567164,0.491379310344828,0.494435151827072,IRF5
10000,402,1,1,0.2,0.0689,0.0639348753622208,0.0738651246377792,0.949832275068887,0.937686939182453,0.507462686567164,0.491379310344828,0.494595985589295,IRF5
10000,402,1,1,0.21,0.0612,0.0565012251865164,0.0658987748134836,0.950443601391662,0.937686939182453,0.507462686567164,0.491379310344828,0.494756819351518,IRF5
10000,402,1,1,0.22,0.0657,0.0608432221430019,0.0705567778569981,0.951055317044663,0.937686939182453,0.507462686567164,0.491379310344828,0.494917653113742,IRF5
10000,402,1,1,0.23,0.0633,0.0585266366336084,0.0680733633663916,0.951667422399935,0.937686939182453,0.507462686567164,0.491379310344828,0.495078486875965,IRF5
10000,402,1,1,0.24,0.0647,0.0598777470422466,0.0695222529577534,0.952279917829992,0.937686939182453,0.507462686567164,0.491379310344828,0.495239320638188,IRF5
10000,402,1,1,0.25,0.0613,0.0565976383504368,0.0660023616495632,0.952892803707829,0.937686939182453,0.507462686567164,0.491379310344828,0.495400154400412,IRF5
10000,402,1,1,0.26,0.0644,0.0595881683891367,0.0692118316108633,0.953506080406911,0.937686939182453,0.507462686567164,0.491379310344828,0.495560988162635,IRF5
10000,402,1,1,0.27,0.0627,0.057947791797778,0.067452208202222,0.954119748301183,0.937686939182453,0.507462686567164,0.491379310344828,0.495721821924858,IRF5
10000,402,1,1,0.28,0.0628,0.0580442573819094,0.0675557426180906,0.954733807765066,0.937686939182453,0.507462686567164,0.491379310344828,0.495882655687082,IRF5
10000,402,1,1,0.29,0.0654,0.0605535454627774,0.0702464545372227,0.95534825917346,0.937686939182453,0.507462686567164,0.491379310344828,0.496043489449305,IRF5
10000,402,1,1,0.3,0.0641,0.0592986195584887,0.0689013804415113,0.955963102901741,0.937686939182453,0.507462686567164,0.491379310344828,0.496204323211528,IRF5
10000,402,1,1,0.31,0.0632,0.0584301539644256,0.0679698460355745,0.956578339325767,0.937686939182453,0.507462686567164,0.491379310344828,0.496365156973752,IRF5
10000,402,1,1,0.32,0.0611,0.0564048155811698,0.0657951844188302,0.957193968821876,0.937686939182453,0.507462686567164,0.491379310344828,0.496525990735975,IRF5
10000,402,1,1,0.33,0.0606,0.0559228212201564,0.0652771787798437,0.957809991766887,0.937686939182453,0.507462686567164,0.491379310344828,0.496686824498199,IRF5
10000,402,1,1,0.34,0.0619,0.0571761916106244,0.0666238083893756,0.958426408538099,0.937686939182453,0.507462686567164,0.491379310344828,0.496847658260422,IRF5
10000,402,1,1,0.35,0.0603,0.0556336678344617,0.0649663321655383,0.959043219513296,0.937686939182453,0.507462686567164,0.491379310344828,0.497008492022645,IRF5
10000,402,1,1,0.36,0.0597,0.0550554593929629,0.0643445406070371,0.959660425070745,0.937686939182453,0.507462686567164,0.491379310344828,0.497169325784869,IRF5
10000,402,1,1,0.37,0.063,0.0582371988391917,0.0677628011608083,0.960278025589195,0.937686939182453,0.507462686567164,0.491379310344828,0.497330159547092,IRF5
10000,402,1,1,0.38,0.058,0.0534179288477053,0.0625820711522947,0.960896021447883,0.937686939182453,0.507462686567164,0.491379310344828,0.497490993309315,IRF5
10000,402,1,1,0.39,0.0607,0.0560192129094185,0.0653807870905815,0.961514413026528,0.937686939182453,0.507462686567164,0.491379310344828,0.497651827071539,IRF5
10000,402,1,1,0.4,0.0588,0.0541883960455235,0.0634116039544765,0.96213320070534,0.937686939182453,0.507462686567164,0.491379310344828,0.497812660833762,IRF5
10000,402,1,1,0.41,0.0585,0.0538994423648923,0.0631005576351078,0.962752384865011,0.937686939182453,0.507462686567164,0.491379310344828,0.497973494595985,IRF5
10000,402,1,1,0.42,0.0545,0.0500500882483676,0.0589499117516324,0.963371965886727,0.937686939182453,0.507462686567164,0.491379310344828,0.498134328358209,IRF5
10000,402,1,1,0.43,0.0604,0.0557300486742888,0.0650699513257112,0.963991944152156,0.937686939182453,0.507462686567164,0.491379310344828,0.498295162120432,IRF5
10000,402,1,1,0.44,0.0572,0.05264770726101,0.06175229273899,0.964612320043461,0.937686939182453,0.507462686567164,0.491379310344828,0.498455995882656,IRF5
10000,402,1,1,0.45,0.0628,0.0580442573819094,0.0675557426180906,0.965233093943294,0.937686939182453,0.507462686567164,0.491379310344828,0.498616829644879,IRF5
10000,402,1,1,0.46,0.0581,0.0535142239132688,0.0626857760867312,0.965854266234796,0.937686939182453,0.507462686567164,0.491379310344828,0.498777663407102,IRF5
10000,402,1,1,0.47,0.0536,0.0491848837677745,0.0580151162322255,0.966475837301602,0.937686939182453,0.507462686567164,0.491379310344828,0.498938497169326,IRF5
10000,402,1,1,0.48,0.0613,0.0565976383504368,0.0660023616495632,0.967097807527841,0.937686939182453,0.507462686567164,0.491379310344828,0.499099330931549,IRF5
10000,402,1,1,0.49,0.0581,0.0535142239132688,0.0626857760867312,0.967720177298131,0.937686939182453,0.507462686567164,0.491379310344828,0.499260164693772,IRF5
10000,402,1,1,0.5,0.0558,0.051300425176015,0.060299574823985,0.968342946997588,0.937686939182453,0.507462686567164,0.491379310344828,0.499420998455996,IRF5
10000,402,1,1,0.51,0.0547,0.0502424022785904,0.0591575977214096,0.968966117011824,0.937686939182453,0.507462686567164,0.491379310344828,0.499581832218219,IRF5
10000,402,1,1,0.52,0.058,0.0534179288477053,0.0625820711522947,0.969589687726943,0.937686939182453,0.507462686567164,0.491379310344828,0.499742665980443,IRF5
10000,402,1,1,0.53,0.057,0.0524551908059647,0.0615448091940353,0.970213659529548,0.937686939182453,0.507462686567164,0.491379310344828,0.499903499742666,IRF5
10000,402,1,1,0.54,0.0581,0.0535142239132688,0.0626857760867312,0.97083803280674,0.937686939182453,0.507462686567164,0.491379310344828,0.500064333504889,IRF5
10000,402,1,1,0.55,0.0586,0.053995756479164,0.063204243520836,0.971462807946117,0.937686939182453,0.507462686567164,0.491379310344828,0.500225167267113,IRF5
10000,402,1,1,0.56,0.0531,0.048704364223926,0.057495635776074,0.972087985335778,0.937686939182453,0.507462686567164,0.491379310344828,0.500386001029336,IRF5
10000,402,1,1,0.57,0.0567,0.0521664456425803,0.0612335543574197,0.972713565364318,0.937686939182453,0.507462686567164,0.491379310344828,0.500546834791559,IRF5
10000,402,1,1,0.58,0.0582,0.0536105228070036,0.0627894771929964,0.973339548420837,0.937686939182453,0.507462686567164,0.491379310344828,0.500707668553783,IRF5
10000,402,1,1,0.59,0.0553,0.0508194440592043,0.0597805559407957,0.973965934894935,0.937686939182453,0.507462686567164,0.491379310344828,0.500868502316006,IRF5
10000,402,1,1,0.6,0.0513,0.0469754042868271,0.0556245957131729,0.974592725176714,0.937686939182453,0.507462686567164,0.491379310344828,0.501029336078229,IRF5
10000,402,1,1,0.61,0.0496,0.0453438548290495,0.0538561451709505,0.975219919656777,0.937686939182453,0.507462686567164,0.491379310344828,0.501190169840453,IRF5
10000,402,1,1,0.62,0.056,0.0514928460619777,0.0605071539380223,0.975847518726236,0.937686939182453,0.507462686567164,0.491379310344828,0.501351003602676,IRF5
10000,402,1,1,0.63,0.0525,0.0481278843461004,0.0568721156538996,0.976475522776705,0.937686939182453,0.507462686567164,0.491379310344828,0.5015118373649,IRF5
10000,402,1,1,0.64,0.0516,0.0472634635203377,0.0559365364796623,0.977103932200301,0.937686939182453,0.507462686567164,0.491379310344828,0.501672671127123,IRF5
10000,402,1,1,0.65,0.0535,0.049088771234506,0.057911228765494,0.977732747389651,0.937686939182453,0.507462686567164,0.491379310344828,0.501833504889346,IRF5
10000,402,1,1,0.66,0.0547,0.0502424022785904,0.0591575977214096,0.978361968737889,0.937686939182453,0.507462686567164,0.491379310344828,0.50199433865157,IRF5
10000,402,1,1,0.67,0.0513,0.0469754042868271,0.0556245957131729,0.978991596638656,0.937686939182453,0.507462686567164,0.491379310344828,0.502155172413793,IRF5
10000,402,1,1,0.68,0.0522,0.0478397038811817,0.0565602961188183,0.9796216314861,0.937686939182453,0.507462686567164,0.491379310344828,0.502316006176016,IRF5
10000,402,1,1,0.69,0.0494,0.0451519975350928,0.0536480024649072,0.980252073674883,0.937686939182453,0.507462686567164,0.491379310344828,0.50247683993824,IRF5
10000,402,1,1,0.7,0.0532,0.0488004594852841,0.0575995405147159,0.980882923600173,0.937686939182453,0.507462686567164,0.491379310344828,0.502637673700463,IRF5
10000,402,1,1,0.71,0.0523,0.0479357595989192,0.0566642404010808,0.981514181657654,0.937686939182453,0.507462686567164,0.491379310344828,0.502798507462686,IRF5
10000,402,1,1,0.72,0.0537,0.0492810005905122,0.0581189994094878,0.982145848243517,0.937686939182453,0.507462686567164,0.491379310344828,0.50295934122491,IRF5
10000,402,1,1,0.73,0.0571,0.0525514470720242,0.0616485529279758,0.98277792375447,0.937686939182453,0.507462686567164,0.491379310344828,0.503120174987133,IRF5
10000,402,1,1,0.74,0.0519,0.047551563496316,0.056248436503684,0.983410408587732,0.937686939182453,0.507462686567164,0.491379310344828,0.503281008749356,IRF5
10000,402,1,1,0.75,0.052,0.0476476058177303,0.0563523941822697,0.98404330314104,0.937686939182453,0.507462686567164,0.491379310344828,0.50344184251158,IRF5
10000,402,1,1,0.76,0.0488,0.0445765416817852,0.0530234583182148,0.984676607812643,0.937686939182453,0.507462686567164,0.491379310344828,0.503602676273803,IRF5
10000,402,1,1,0.77,0.0531,0.048704364223926,0.057495635776074,0.985310323001308,0.937686939182453,0.507462686567164,0.491379310344828,0.503763510036027,IRF5
10000,402,1,1,0.78,0.0491,0.0448642477481872,0.0533357522518128,0.985944449106318,0.937686939182453,0.507462686567164,0.491379310344828,0.50392434379825,IRF5
10000,402,1,1,0.79,0.0497,0.0454397906653476,0.0539602093346524,0.986578986527478,0.937686939182453,0.507462686567164,0.491379310344828,0.504085177560473,IRF5
10000,402,1,1,0.8,0.0511,0.0467833875994447,0.0554166124005553,0.987213935665104,0.937686939182453,0.507462686567164,0.491379310344828,0.504246011322697,IRF5
10000,402,1,1,0.81,0.053,0.0486082733093201,0.0573917266906799,0.98784929692004,0.937686939182453,0.507462686567164,0.491379310344828,0.50440684508492,IRF5
10000,402,1,1,0.82,0.0517,0.0473594923352948,0.0560405076647052,0.988485070693645,0.937686939182453,0.507462686567164,0.491379310344828,0.504567678847143,IRF5
10000,402,1,1,0.83,0.0485,0.0442888797187993,0.0527111202812007,0.989121257387803,0.937686939182453,0.507462686567164,0.491379310344828,0.504728512609367,IRF5
10000,402,1,1,0.84,0.049,0.0447683408494298,0.0532316591505702,0.989757857404916,0.937686939182453,0.507462686567164,0.491379310344828,0.50488934637159,IRF5
10000,402,1,1,0.85,0.0486,0.0443847621155377,0.0528152378844623,0.990394871147913,0.937686939182453,0.507462686567164,0.491379310344828,0.505050180133813,IRF5
10000,402,1,1,0.86,0.0494,0.0451519975350928,0.0536480024649072,0.991032299020245,0.937686939182453,0.507462686567164,0.491379310344828,0.505211013896037,IRF5
10000,402,1,1,0.87,0.0537,0.0492810005905122,0.0581189994094878,0.991670141425888,0.937686939182453,0.507462686567164,0.491379310344828,0.50537184765826,IRF5
10000,402,1,1,0.88,0.05,0.0457276267674345,0.0542723732325655,0.992308398769344,0.937686939182453,0.507462686567164,0.491379310344828,0.505532681420484,IRF5
10000,402,1,1,0.89,0.049,0.0447683408494298,0.0532316591505702,0.99294707145564,0.937686939182453,0.507462686567164,0.491379310344828,0.505693515182707,IRF5
10000,402,1,1,0.9,0.0493,0.0450560761050221,0.0535439238949779,0.993586159890333,0.937686939182453,0.507462686567164,0.491379310344828,0.50585434894493,IRF5
10000,402,1,1,0.91,0.0497,0.0454397906653476,0.0539602093346524,0.994225664479506,0.937686939182453,0.507462686567164,0.491379310344828,0.506015182707154,IRF5
10000,402,1,1,0.92,0.0525,0.0481278843461004,0.0568721156538996,0.99486558562977,0.937686939182453,0.507462686567164,0.491379310344828,0.506176016469377,IRF5
10000,402,1,1,0.93,0.0452,0.0411276246200094,0.0492723753799906,0.995505923748271,0.937686939182453,0.507462686567164,0.491379310344828,0.5063368502316,IRF5
10000,402,1,1,0.94,0.0497,0.0454397906653476,0.0539602093346524,0.996146679242679,0.937686939182453,0.507462686567164,0.491379310344828,0.506497683993824,IRF5
10000,402,1,1,0.95,0.0496,0.0453438548290495,0.0538561451709505,0.9967878525212,0.937686939182453,0.507462686567164,0.491379310344828,0.506658517756047,IRF5
10000,402,1,1,0.96,0.0477,0.0435219997434015,0.0518780002565985,0.997429443992572,0.937686939182453,0.507462686567164,0.491379310344828,0.506819351518271,IRF5
10000,402,1,1,0.97,0.052,0.0476476058177303,0.0563523941822697,0.998071454066066,0.937686939182453,0.507462686567164,0.491379310344828,0.506980185280494,IRF5
10000,402,1,1,0.98,0.0526,0.0482239533515879,0.0569760466484121,0.998713883151485,0.937686939182453,0.507462686567164,0.491379310344828,0.507141019042717,IRF5
10000,402,1,1,0.99,0.0523,0.0479357595989192,0.0566642404010808,0.999356731659172,0.937686939182453,0.507462686567164,0.491379310344828,0.507301852804941,IRF5
10000,402,1,1,1,0.0531,0.048704364223926,0.057495635776074,1,0.937686939182453,0.507462686567164,0.491379310344828,0.507462686567164,IRF5
10000,402,1,1,0,0.0906,0.0849731679253349,0.0962268320746651,0.892318736539842,0.892318736539842,0.156716417910448,0.142241379310345,0.142241379310345,TNF1
10000,402,1,1,0.01,0.0915,0.0858480879713368,0.0971519120286632,0.893377556187225,0.892318736539842,0.156716417910448,0.142241379310345,0.142386129696346,TNF1
10000,402,1,1,0.02,0.087,0.0814751893814624,0.0925248106185376,0.894436733315827,0.892318736539842,0.156716417910448,0.142241379310345,0.142530880082347,TNF1
10000,402,1,1,0.03,0.0869,0.0813780630915672,0.0924219369084328,0.895496268106717,0.892318736539842,0.156716417910448,0.142241379310345,0.142675630468348,TNF1
10000,402,1,1,0.04,0.0865,0.080989579892125,0.0920104201078749,0.89655616074109,0.892318736539842,0.156716417910448,0.142241379310345,0.142820380854349,TNF1
10000,402,1,1,0.05,0.0878,0.0822522782251649,0.0933477217748351,0.897616411400261,0.892318736539842,0.156716417910448,0.142241379310345,0.14296513124035,TNF1
10000,402,1,1,0.06,0.0805,0.0751666978630203,0.0858333021369797,0.898677020265668,0.892318736539842,0.156716417910448,0.142241379310345,0.143109881626351,TNF1
10000,402,1,1,0.07,0.082,0.0766216303514438,0.0873783696485562,0.899737987518873,0.892318736539842,0.156716417910448,0.142241379310345,0.143254632012352,TNF1
10000,402,1,1,0.08,0.0808,0.0754576409983427,0.0861423590016574,0.900799313341559,0.892318736539842,0.156716417910448,0.142241379310345,0.143399382398353,TNF1
10000,402,1,1,0.09,0.0823,0.076912681349206,0.087687318650794,0.901860997915532,0.892318736539842,0.156716417910448,0.142241379310345,0.143544132784354,TNF1
10000,402,1,1,0.1,0.0824,0.0770097030758661,0.0877902969241339,0.902923041422722,0.892318736539842,0.156716417910448,0.142241379310345,0.143688883170355,TNF1
10000,402,1,1,0.11,0.0786,0.0733245713012122,0.0838754286987878,0.903985444045181,0.892318736539842,0.156716417910448,0.142241379310345,0.143833633556356,TNF1
10000,402,1,1,0.12,0.0802,0.0748757766297688,0.0855242233702312,0.905048205965085,0.892318736539842,0.156716417910448,0.142241379310345,0.143978383942357,TNF1
10000,402,1,1,0.13,0.0768,0.0715802357504275,0.0820197642495725,0.906111327364733,0.892318736539842,0.156716417910448,0.142241379310345,0.144123134328358,TNF1
10000,402,1,1,0.14,0.0791,0.0738092546505892,0.0843907453494108,0.907174808426547,0.892318736539842,0.156716417910448,0.142241379310345,0.144267884714359,TNF1
10000,402,1,1,0.15,0.078,0.0727430343108047,0.0832569656891953,0.908238649333072,0.892318736539842,0.156716417910448,0.142241379310345,0.14441263510036,TNF1
10000,402,1,1,0.16,0.076,0.0708052438921654,0.0811947561078346,0.909302850266977,0.892318736539842,0.156716417910448,0.142241379310345,0.144557385486362,TNF1
10000,402,1,1,0.17,0.078,0.0727430343108047,0.0832569656891953,0.910367411411056,0.892318736539842,0.156716417910448,0.142241379310345,0.144702135872363,TNF1
10000,402,1,1,0.18,0.0702,0.0651917533682057,0.0752082466317943,0.911432332948225,0.892318736539842,0.156716417910448,0.142241379310345,0.144846886258364,TNF1
10000,402,1,1,0.19,0.0759,0.0707083817108948,0.0810916182891052,0.912497615061525,0.892318736539842,0.156716417910448,0.142241379310345,0.144991636644365,TNF1
10000,402,1,1,0.2,0.072,0.0669328633441509,0.0770671366558491,0.913563257934119,0.892318736539842,0.156716417910448,0.142241379310345,0.145136387030366,TNF1
10000,402,1,1,0.21,0.0741,0.0689653183010752,0.0792346816989248,0.914629261749296,0.892318736539842,0.156716417910448,0.142241379310345,0.145281137416367,TNF1
10000,402,1,1,0.22,0.0659,0.0610363560534922,0.0707636439465078,0.91569562669047,0.892318736539842,0.156716417910448,0.142241379310345,0.145425887802368,TNF1
10000,402,1,1,0.23,0.0779,0.0726461203470012,0.0831538796529988,0.916762352941176,0.892318736539842,0.156716417910448,0.142241379310345,0.145570638188369,TNF1
10000,402,1,1,0.24,0.0718,0.0667393606886528,0.0768606393113473,0.917829440685077,0.892318736539842,0.156716417910448,0.142241379310345,0.14571538857437,TNF1
10000,402,1,1,0.25,0.071,0.0659654644484615,0.0760345355515385,0.918896890105959,0.892318736539842,0.156716417910448,0.142241379310345,0.145860138960371,TNF1
10000,402,1,1,0.26,0.0691,0.0641282083631875,0.0740717916368125,0.91996470138773,0.892318736539842,0.156716417910448,0.142241379310345,0.146004889346372,TNF1
10000,402,1,1,0.27,0.0651,0.0602638979704119,0.0699361020295881,0.921032874714428,0.892318736539842,0.156716417910448,0.142241379310345,0.146149639732373,TNF1
10000,402,1,1,0.28,0.071,0.0659654644484615,0.0760345355515385,0.922101410270212,0.892318736539842,0.156716417910448,0.142241379310345,0.146294390118374,TNF1
10000,402,1,1,0.29,0.0669,0.0620022170590682,0.0717977829409319,0.923170308239367,0.892318736539842,0.156716417910448,0.142241379310345,0.146439140504375,TNF1
10000,402,1,1,0.3,0.0735,0.0683844920728153,0.0786155079271847,0.924239568806302,0.892318736539842,0.156716417910448,0.142241379310345,0.146583890890376,TNF1
10000,402,1,1,0.31,0.0673,0.0623886498128913,0.0722113501871087,0.925309192155553,0.892318736539842,0.156716417910448,0.142241379310345,0.146728641276377,TNF1
10000,402,1,1,0.32,0.0648,0.0599742798537537,0.0696257201462463,0.926379178471781,0.892318736539842,0.156716417910448,0.142241379310345,0.146873391662378,TNF1
10000,402,1,1,0.33,0.0626,0.057851329653528,0.067348670346472,0.92744952793977,0.892318736539842,0.156716417910448,0.142241379310345,0.147018142048379,TNF1
10000,402,1,1,0.34,0.0634,0.0586231226971392,0.0681768773028608,0.928520240744432,0.892318736539842,0.156716417910448,0.142241379310345,0.14716289243438,TNF1
10000,402,1,1,0.35,0.0621,0.057369070800863,0.066830929199137,0.929591317070804,0.892318736539842,0.156716417910448,0.142241379310345,0.147307642820381,TNF1
10000,402,1,1,0.36,0.0713,0.0662556539949417,0.0763443460050583,0.930662757104049,0.892318736539842,0.156716417910448,0.142241379310345,0.147452393206382,TNF1
10000,402,1,1,0.37,0.0635,0.0587196121475326,0.0682803878524674,0.931734561029453,0.892318736539842,0.156716417910448,0.142241379310345,0.147597143592383,TNF1
10000,402,1,1,0.38,0.0635,0.0587196121475326,0.0682803878524674,0.932806729032432,0.892318736539842,0.156716417910448,0.142241379310345,0.147741893978384,TNF1
10000,402,1,1,0.39,0.0587,0.0540920743757277,0.0633079256242723,0.933879261298525,0.892318736539842,0.156716417910448,0.142241379310345,0.147886644364385,TNF1
10000,402,1,1,0.4,0.063,0.0582371988391917,0.0677628011608083,0.934952158013398,0.892318736539842,0.156716417910448,0.142241379310345,0.148031394750386,TNF1
10000,402,1,1,0.41,0.0618,0.0570797572649958,0.0665202427350042,0.936025419362843,0.892318736539842,0.156716417910448,0.142241379310345,0.148176145136387,TNF1
10000,402,1,1,0.42,0.062,0.0572726294585505,0.0667273705414495,0.93709904553278,0.892318736539842,0.156716417910448,0.142241379310345,0.148320895522388,TNF1
10000,402,1,1,0.43,0.0571,0.0525514470720242,0.0616485529279758,0.938173036709253,0.892318736539842,0.156716417910448,0.142241379310345,0.148465645908389,TNF1
10000,402,1,1,0.44,0.0599,0.0552481808932229,0.0645518191067771,0.939247393078434,0.892318736539842,0.156716417910448,0.142241379310345,0.14861039629439,TNF1
10000,402,1,1,0.45,0.0604,0.0557300486742888,0.0650699513257112,0.940322114826621,0.892318736539842,0.156716417910448,0.142241379310345,0.148755146680391,TNF1
10000,402,1,1,0.46,0.0593,0.0546700606785468,0.0639299393214532,0.941397202140238,0.892318736539842,0.156716417910448,0.142241379310345,0.148899897066392,TNF1
10000,402,1,1,0.47,0.0612,0.0565012251865164,0.0658987748134836,0.942472655205839,0.892318736539842,0.156716417910448,0.142241379310345,0.149044647452393,TNF1
10000,402,1,1,0.48,0.0611,0.0564048155811698,0.0657951844188302,0.9435484742101,0.892318736539842,0.156716417910448,0.142241379310345,0.149189397838394,TNF1
10000,402,1,1,0.49,0.0595,0.0548627526315204,0.0641372473684796,0.944624659339828,0.892318736539842,0.156716417910448,0.142241379310345,0.149334148224395,TNF1
10000,402,1,1,0.5,0.0569,0.0523589384725341,0.061441061527466,0.945701210781956,0.892318736539842,0.156716417910448,0.142241379310345,0.149478898610397,TNF1
10000,402,1,1,0.51,0.0531,0.048704364223926,0.057495635776074,0.946778128723545,0.892318736539842,0.156716417910448,0.142241379310345,0.149623648996398,TNF1
10000,402,1,1,0.52,0.0587,0.0540920743757277,0.0633079256242723,0.947855413351781,0.892318736539842,0.156716417910448,0.142241379310345,0.149768399382399,TNF1
10000,402,1,1,0.53,0.0582,0.0536105228070036,0.0627894771929964,0.948933064853981,0.892318736539842,0.156716417910448,0.142241379310345,0.1499131497684,TNF1
10000,402,1,1,0.54,0.0568,0.0522626900814769,0.0613373099185232,0.950011083417585,0.892318736539842,0.156716417910448,0.142241379310345,0.150057900154401,TNF1
10000,402,1,1,0.55,0.0566,0.0520702051656744,0.0611297948343256,0.951089469230166,0.892318736539842,0.156716417910448,0.142241379310345,0.150202650540402,TNF1
10000,402,1,1,0.56,0.0543,0.0498577909767178,0.0587422090232822,0.952168222479421,0.892318736539842,0.156716417910448,0.142241379310345,0.150347400926403,TNF1
10000,402,1,1,0.57,0.0561,0.0515890625580812,0.0606109374419188,0.953247343353176,0.892318736539842,0.156716417910448,0.142241379310345,0.150492151312404,TNF1
10000,402,1,1,0.58,0.0567,0.0521664456425803,0.0612335543574197,0.954326832039386,0.892318736539842,0.156716417910448,0.142241379310345,0.150636901698405,TNF1
10000,402,1,1,0.59,0.0534,0.0489926630020571,0.057807336997943,0.955406688726133,0.892318736539842,0.156716417910448,0.142241379310345,0.150781652084406,TNF1
10000,402,1,1,0.6,0.0583,0.0537068255196558,0.0628931744803442,0.956486913601628,0.892318736539842,0.156716417910448,0.142241379310345,0.150926402470407,TNF1
10000,402,1,1,0.61,0.0537,0.0492810005905122,0.0581189994094878,0.957567506854209,0.892318736539842,0.156716417910448,0.142241379310345,0.151071152856408,TNF1
10000,402,1,1,0.62,0.0518,0.047455525664739,0.056144474335261,0.958648468672344,0.892318736539842,0.156716417910448,0.142241379310345,0.151215903242409,TNF1
10000,402,1,1,0.63,0.0566,0.0520702051656744,0.0611297948343256,0.959729799244629,0.892318736539842,0.156716417910448,0.142241379310345,0.15136065362841,TNF1
10000,402,1,1,0.64,0.0534,0.0489926630020571,0.057807336997943,0.960811498759789,0.892318736539842,0.156716417910448,0.142241379310345,0.151505404014411,TNF1
10000,402,1,1,0.65,0.0583,0.0537068255196558,0.0628931744803442,0.961893567406677,0.892318736539842,0.156716417910448,0.142241379310345,0.151650154400412,TNF1
10000,402,1,1,0.66,0.0501,0.0458235816206772,0.0543764183793228,0.962976005374276,0.892318736539842,0.156716417910448,0.142241379310345,0.151794904786413,TNF1
10000,402,1,1,0.67,0.0543,0.0498577909767178,0.0587422090232822,0.964058812851697,0.892318736539842,0.156716417910448,0.142241379310345,0.151939655172414,TNF1
10000,402,1,1,0.68,0.0521,0.0477436526167451,0.0564563473832549,0.965141990028181,0.892318736539842,0.156716417910448,0.142241379310345,0.152084405558415,TNF1
10000,402,1,1,0.69,0.0507,0.0463994094058445,0.0550005905941556,0.966225537093097,0.892318736539842,0.156716417910448,0.142241379310345,0.152229155944416,TNF1
10000,402,1,1,0.7,0.054,0.0495693766828187,0.0584306233171813,0.967309454235946,0.892318736539842,0.156716417910448,0.142241379310345,0.152373906330417,TNF1
10000,402,1,1,0.71,0.0537,0.0492810005905122,0.0581189994094878,0.968393741646356,0.892318736539842,0.156716417910448,0.142241379310345,0.152518656716418,TNF1
10000,402,1,1,0.72,0.0535,0.049088771234506,0.057911228765494,0.969478399514084,0.892318736539842,0.156716417910448,0.142241379310345,0.152663407102419,TNF1
10000,402,1,1,0.73,0.0503,0.0460155054753558,0.0545844945246442,0.970563428029019,0.892318736539842,0.156716417910448,0.142241379310345,0.15280815748842,TNF1
10000,402,1,1,0.74,0.0496,0.0453438548290495,0.0538561451709505,0.971648827381178,0.892318736539842,0.156716417910448,0.142241379310345,0.152952907874421,TNF1
10000,402,1,1,0.75,0.0511,0.0467833875994447,0.0554166124005553,0.97273459776071,0.892318736539842,0.156716417910448,0.142241379310345,0.153097658260422,TNF1
10000,402,1,1,0.76,0.0519,0.047551563496316,0.056248436503684,0.973820739357892,0.892318736539842,0.156716417910448,0.142241379310345,0.153242408646423,TNF1
10000,402,1,1,0.77,0.052,0.0476476058177303,0.0563523941822697,0.974907252363131,0.892318736539842,0.156716417910448,0.142241379310345,0.153387159032424,TNF1
10000,402,1,1,0.78,0.0508,0.0464953970245351,0.0551046029754649,0.975994136966966,0.892318736539842,0.156716417910448,0.142241379310345,0.153531909418425,TNF1
10000,402,1,1,0.79,0.0526,0.0482239533515879,0.0569760466484121,0.977081393360065,0.892318736539842,0.156716417910448,0.142241379310345,0.153676659804426,TNF1
10000,402,1,1,0.8,0.0503,0.0460155054753558,0.0545844945246442,0.978169021733228,0.892318736539842,0.156716417910448,0.142241379310345,0.153821410190427,TNF1
10000,402,1,1,0.81,0.0489,0.0446724388225687,0.0531275611774313,0.979257022277382,0.892318736539842,0.156716417910448,0.142241379310345,0.153966160576428,TNF1
10000,402,1,1,0.82,0.0563,0.0517815076058473,0.0608184923941527,0.98034539518359,0.892318736539842,0.156716417910448,0.142241379310345,0.154110910962429,TNF1
10000,402,1,1,0.83,0.0481,0.0439053997129869,0.0522946002870131,0.98143414064304,0.892318736539842,0.156716417910448,0.142241379310345,0.15425566134843,TNF1
10000,402,1,1,0.84,0.0484,0.0441930022655904,0.0526069977344096,0.982523258847057,0.892318736539842,0.156716417910448,0.142241379310345,0.154400411734432,TNF1
10000,402,1,1,0.85,0.0499,0.045631676648129,0.054168323351871,0.983612749987091,0.892318736539842,0.156716417910448,0.142241379310345,0.154545162120433,TNF1
10000,402,1,1,0.86,0.0519,0.047551563496316,0.056248436503684,0.984702614254728,0.892318736539842,0.156716417910448,0.142241379310345,0.154689912506434,TNF1
10000,402,1,1,0.87,0.0526,0.0482239533515879,0.0569760466484121,0.985792851841682,0.892318736539842,0.156716417910448,0.142241379310345,0.154834662892435,TNF1
10000,402,1,1,0.88,0.0512,0.0468793936545568,0.0555206063454432,0.986883462939801,0.892318736539842,0.156716417910448,0.142241379310345,0.154979413278436,TNF1
10000,402,1,1,0.89,0.0507,0.0463994094058445,0.0550005905941556,0.987974447741062,0.892318736539842,0.156716417910448,0.142241379310345,0.155124163664437,TNF1
10000,402,1,1,0.9,0.0468,0.0426596474381524,0.0509403525618476,0.989065806437574,0.892318736539842,0.156716417910448,0.142241379310345,0.155268914050438,TNF1
10000,402,1,1,0.91,0.0467,0.0425638563133404,0.0508361436866596,0.990157539221581,0.892318736539842,0.156716417910448,0.142241379310345,0.155413664436439,TNF1
10000,402,1,1,0.92,0.0496,0.0453438548290495,0.0538561451709505,0.991249646285453,0.892318736539842,0.156716417910448,0.142241379310345,0.15555841482244,TNF1
10000,402,1,1,0.93,0.0497,0.0454397906653476,0.0539602093346524,0.992342127821697,0.892318736539842,0.156716417910448,0.142241379310345,0.155703165208441,TNF1
10000,402,1,1,0.94,0.0488,0.0445765416817852,0.0530234583182148,0.993434984022951,0.892318736539842,0.156716417910448,0.142241379310345,0.155847915594442,TNF1
10000,402,1,1,0.95,0.0491,0.0448642477481872,0.0533357522518128,0.994528215081981,0.892318736539842,0.156716417910448,0.142241379310345,0.155992665980443,TNF1
10000,402,1,1,0.96,0.0478,0.0436178421803601,0.0519821578196399,0.995621821191692,0.892318736539842,0.156716417910448,0.142241379310345,0.156137416366444,TNF1
10000,402,1,1,0.97,0.0487,0.0444806494413328,0.0529193505586672,0.996715802545117,0.892318736539842,0.156716417910448,0.142241379310345,0.156282166752445,TNF1
10000,402,1,1,0.98,0.0492,0.0449601595047309,0.0534398404952691,0.997810159335421,0.892318736539842,0.156716417910448,0.142241379310345,0.156426917138446,TNF1
10000,402,1,1,0.99,0.0502,0.0459195411944359,0.0544804588055641,0.998904891755905,0.892318736539842,0.156716417910448,0.142241379310345,0.156571667524447,TNF1
10000,402,1,1,1,0.049,0.0447683408494298,0.0532316591505702,1,0.892318736539842,0.156716417910448,0.142241379310345,0.156716417910448,TNF1
10000,398,1,1,0,0.1344,0.127713780360647,0.141086219639353,0.840193704600484,0.840193704600484,0.128140703517588,0.109913793103448,0.109913793103448,TNF2
10000,398,1,1,0.01,0.1343,0.127615882192485,0.140984117807515,0.841759363525717,0.840193704600484,0.128140703517588,0.109913793103448,0.11009606220759,TNF2
10000,398,1,1,0.02,0.1282,0.121646477036025,0.134753522963975,0.84332566393527,0.840193704600484,0.128140703517588,0.109913793103448,0.110278331311731,TNF2
10000,398,1,1,0.03,0.1329,0.126245438176011,0.139554561823989,0.844892606223468,0.840193704600484,0.128140703517588,0.109913793103448,0.110460600415872,TNF2
10000,398,1,1,0.04,0.1311,0.124483799998011,0.137716200001989,0.846460190784961,0.840193704600484,0.128140703517588,0.109913793103448,0.110642869520014,TNF2
10000,398,1,1,0.05,0.1296,0.123016083375041,0.136183916624959,0.848028418014722,0.840193704600484,0.128140703517588,0.109913793103448,0.110825138624155,TNF2
10000,398,1,1,0.06,0.1251,0.11861469741563,0.13158530258437,0.849597288308045,0.840193704600484,0.128140703517588,0.109913793103448,0.111007407728297,TNF2
10000,398,1,1,0.07,0.1239,0.11744145226203,0.13035854773797,0.851166802060554,0.840193704600484,0.128140703517588,0.109913793103448,0.111189676832438,TNF2
10000,398,1,1,0.08,0.1198,0.113434368827887,0.126165631172113,0.852736959668192,0.840193704600484,0.128140703517588,0.109913793103448,0.111371945936579,TNF2
10000,398,1,1,0.09,0.1186,0.11226201439852,0.12493798560148,0.854307761527231,0.840193704600484,0.128140703517588,0.109913793103448,0.111554215040721,TNF2
10000,398,1,1,0.1,0.1212,0.114802375963909,0.127597624036091,0.855879208034265,0.840193704600484,0.128140703517588,0.109913793103448,0.111736484144862,TNF2
10000,398,1,1,0.11,0.1154,0.109136764342584,0.121663235657416,0.857451299586217,0.840193704600484,0.128140703517588,0.109913793103448,0.111918753249004,TNF2
10000,398,1,1,0.12,0.1177,0.111382885457005,0.124017114542995,0.859024036580332,0.840193704600484,0.128140703517588,0.109913793103448,0.112101022353145,TNF2
10000,398,1,1,0.13,0.1222,0.115779693345885,0.128620306654115,0.860597419414185,0.840193704600484,0.128140703517588,0.109913793103448,0.112283291457286,TNF2
10000,398,1,1,0.14,0.1156,0.109332047961795,0.121867952038205,0.862171448485675,0.840193704600484,0.128140703517588,0.109913793103448,0.112465560561428,TNF2
10000,398,1,1,0.15,0.1135,0.107281871661735,0.119718128338265,0.86374612419303,0.840193704600484,0.128140703517588,0.109913793103448,0.112647829665569,TNF2
10000,398,1,1,0.16,0.1102,0.104061540729362,0.116338459270638,0.865321446934802,0.840193704600484,0.128140703517588,0.109913793103448,0.112830098769711,TNF2
10000,398,1,1,0.17,0.1032,0.0972363790866057,0.109163620913394,0.866897417109875,0.840193704600484,0.128140703517588,0.109913793103448,0.113012367873852,TNF2
10000,398,1,1,0.18,0.1086,0.102500789698612,0.114699210301388,0.868474035117458,0.840193704600484,0.128140703517588,0.109913793103448,0.113194636977993,TNF2
10000,398,1,1,0.19,0.1065,0.100452937421769,0.112547062578231,0.870051301357087,0.840193704600484,0.128140703517588,0.109913793103448,0.113376906082135,TNF2
10000,398,1,1,0.2,0.1121,0.105915462675013,0.118284537324987,0.871629216228632,0.840193704600484,0.128140703517588,0.109913793103448,0.113559175186276,TNF2
10000,398,1,1,0.21,0.1015,0.095580099020285,0.107419900979715,0.873207780132285,0.840193704600484,0.128140703517588,0.109913793103448,0.113741444290418,TNF2
10000,398,1,1,0.22,0.1049,0.0988931622242009,0.110906837775799,0.874786993468574,0.840193704600484,0.128140703517588,0.109913793103448,0.113923713394559,TNF2
10000,398,1,1,0.23,0.1034,0.0974312688513435,0.109368731148656,0.876366856638351,0.840193704600484,0.128140703517588,0.109913793103448,0.1141059824987,TNF2
10000,398,1,1,0.24,0.1004,0.0945086617223778,0.106291338277622,0.877947370042801,0.840193704600484,0.128140703517588,0.109913793103448,0.114288251602842,TNF2
10000,398,1,1,0.25,0.1001,0.0942164893316604,0.10598351066834,0.879528534083439,0.840193704600484,0.128140703517588,0.109913793103448,0.114470520706983,TNF2
10000,398,1,1,0.26,0.0954,0.0896412946273477,0.101158705372652,0.88111034916211,0.840193704600484,0.128140703517588,0.109913793103448,0.114652789811125,TNF2
10000,398,1,1,0.27,0.0873,0.081766581372478,0.092833418627522,0.882692815680991,0.840193704600484,0.128140703517588,0.109913793103448,0.114835058915266,TNF2
10000,398,1,1,0.28,0.097,0.0911983420162828,0.102801657983717,0.884275934042589,0.840193704600484,0.128140703517588,0.109913793103448,0.115017328019407,TNF2
10000,398,1,1,0.29,0.088,0.0824465721247519,0.0935534278752481,0.885859704649742,0.840193704600484,0.128140703517588,0.109913793103448,0.115199597123549,TNF2
10000,398,1,1,0.3,0.0934,0.0876956826847124,0.0991043173152876,0.887444127905624,0.840193704600484,0.128140703517588,0.109913793103448,0.11538186622769,TNF2
10000,398,1,1,0.31,0.0915,0.0858480879713368,0.0971519120286632,0.889029204213737,0.840193704600484,0.128140703517588,0.109913793103448,0.115564135331832,TNF2
10000,398,1,1,0.32,0.0862,0.0806982406472608,0.0917017593527392,0.890614933977918,0.840193704600484,0.128140703517588,0.109913793103448,0.115746404435973,TNF2
10000,398,1,1,0.33,0.0853,0.0798243429995585,0.0907756570004416,0.892201317602336,0.840193704600484,0.128140703517588,0.109913793103448,0.115928673540114,TNF2
10000,398,1,1,0.34,0.0898,0.0841956020627875,0.0954043979372125,0.893788355491493,0.840193704600484,0.128140703517588,0.109913793103448,0.116110942644256,TNF2
10000,398,1,1,0.35,0.088,0.0824465721247519,0.0935534278752481,0.895376048050227,0.840193704600484,0.128140703517588,0.109913793103448,0.116293211748397,TNF2
10000,398,1,1,0.36,0.0851,0.0796301681659882,0.0905698318340118,0.896964395683707,0.840193704600484,0.128140703517588,0.109913793103448,0.116475480852539,TNF2
10000,398,1,1,0.37,0.0877,0.0821551345169285,0.0932448654830715,0.898553398797439,0.840193704600484,0.128140703517588,0.109913793103448,0.11665774995668,TNF2
10000,398,1,1,0.38,0.0835,0.0780770967903957,0.0889229032096043,0.900143057797263,0.840193704600484,0.128140703517588,0.109913793103448,0.116840019060821,TNF2
10000,398,1,1,0.39,0.0868,0.0812809389942516,0.0923190610057484,0.901733373089353,0.840193704600484,0.128140703517588,0.109913793103448,0.117022288164963,TNF2
10000,398,1,1,0.4,0.0836,0.0781741465483011,0.0890258534516988,0.903324345080219,0.840193704600484,0.128140703517588,0.109913793103448,0.117204557269104,TNF2
10000,398,1,1,0.41,0.0797,0.0743909568842533,0.0850090431157467,0.904915974176708,0.840193704600484,0.128140703517588,0.109913793103448,0.117386826373246,TNF2
10000,398,1,1,0.42,0.0839,0.0784653096737936,0.0893346903262064,0.906508260786002,0.840193704600484,0.128140703517588,0.109913793103448,0.117569095477387,TNF2
10000,398,1,1,0.43,0.0766,0.071386472117262,0.0818135278827381,0.90810120531562,0.840193704600484,0.128140703517588,0.109913793103448,0.117751364581528,TNF2
10000,398,1,1,0.44,0.0831,0.0776889209457848,0.0885110790542152,0.909694808173417,0.840193704600484,0.128140703517588,0.109913793103448,0.11793363368567,TNF2
10000,398,1,1,0.45,0.0777,0.0724523000606752,0.0829476999393248,0.911289069767585,0.840193704600484,0.128140703517588,0.109913793103448,0.118115902789811,TNF2
10000,398,1,1,0.46,0.0762,0.0709989761504612,0.0814010238495388,0.912883990506655,0.840193704600484,0.128140703517588,0.109913793103448,0.118298171893953,TNF2
10000,398,1,1,0.47,0.0755,0.0703209594166629,0.0806790405833371,0.914479570799495,0.840193704600484,0.128140703517588,0.109913793103448,0.118480440998094,TNF2
10000,398,1,1,0.48,0.0757,0.0705146652679981,0.0808853347320019,0.916075811055312,0.840193704600484,0.128140703517588,0.109913793103448,0.118662710102235,TNF2
10000,398,1,1,0.49,0.0746,0.0694494151988766,0.0797505848011234,0.91767271168365,0.840193704600484,0.128140703517588,0.109913793103448,0.118844979206377,TNF2
10000,398,1,1,0.5,0.0756,0.0704178110159748,0.0807821889840252,0.919270273094394,0.840193704600484,0.128140703517588,0.109913793103448,0.119027248310518,TNF2
10000,398,1,1,0.51,0.0701,0.0650950526473233,0.0751049473526767,0.920868495697766,0.840193704600484,0.128140703517588,0.109913793103448,0.11920951741466,TNF2
10000,398,1,1,0.52,0.0727,0.0676102117364696,0.0777897882635304,0.922467379904329,0.840193704600484,0.128140703517588,0.109913793103448,0.119391786518801,TNF2
10000,398,1,1,0.53,0.0702,0.0651917533682057,0.0752082466317943,0.924066926124986,0.840193704600484,0.128140703517588,0.109913793103448,0.119574055622942,TNF2
10000,398,1,1,0.54,0.0716,0.0665458694271052,0.0766541305728948,0.92566713477098,0.840193704600484,0.128140703517588,0.109913793103448,0.119756324727084,TNF2
10000,398,1,1,0.55,0.0749,0.0697399057999317,0.0800600942000683,0.927268006253895,0.840193704600484,0.128140703517588,0.109913793103448,0.119938593831225,TNF2
10000,398,1,1,0.56,0.0689,0.0639348753622208,0.0738651246377792,0.928869540985657,0.840193704600484,0.128140703517588,0.109913793103448,0.120120862935367,TNF2
10000,398,1,1,0.57,0.0671,0.0621954271776697,0.0720045728223303,0.93047173937853,0.840193704600484,0.128140703517588,0.109913793103448,0.120303132039508,TNF2
10000,398,1,1,0.58,0.0723,0.0672231385953824,0.0773768614046176,0.932074601845123,0.840193704600484,0.128140703517588,0.109913793103448,0.120485401143649,TNF2
10000,398,1,1,0.59,0.0633,0.0585266366336084,0.0680733633663916,0.933678128798386,0.840193704600484,0.128140703517588,0.109913793103448,0.120667670247791,TNF2
10000,398,1,1,0.6,0.0603,0.0556336678344617,0.0649663321655383,0.935282320651611,0.840193704600484,0.128140703517588,0.109913793103448,0.120849939351932,TNF2
10000,398,1,1,0.61,0.0678,0.0628717608225121,0.0727282391774879,0.936887177818435,0.840193704600484,0.128140703517588,0.109913793103448,0.121032208456074,TNF2
10000,398,1,1,0.62,0.0596,0.0549591041655498,0.0642408958344502,0.938492700712835,0.840193704600484,0.128140703517588,0.109913793103448,0.121214477560215,TNF2
10000,398,1,1,0.63,0.0634,0.0586231226971392,0.0681768773028608,0.940098889749134,0.840193704600484,0.128140703517588,0.109913793103448,0.121396746664356,TNF2
10000,398,1,1,0.64,0.0615,0.0567904753214838,0.0662095246785162,0.941705745341998,0.840193704600484,0.128140703517588,0.109913793103448,0.121579015768498,TNF2
10000,398,1,1,0.65,0.0626,0.057851329653528,0.067348670346472,0.943313267906436,0.840193704600484,0.128140703517588,0.109913793103448,0.121761284872639,TNF2
10000,398,1,1,0.66,0.0651,0.0602638979704119,0.0699361020295881,0.944921457857803,0.840193704600484,0.128140703517588,0.109913793103448,0.121943553976781,TNF2
10000,398,1,1,0.67,0.0633,0.0585266366336084,0.0680733633663916,0.9465303156118,0.840193704600484,0.128140703517588,0.109913793103448,0.122125823080922,TNF2
10000,398,1,1,0.68,0.061,0.0563084095425669,0.0656915904574331,0.948139841584471,0.840193704600484,0.128140703517588,0.109913793103448,0.122308092185063,TNF2
10000,398,1,1,0.69,0.0559,0.051396633597895,0.060403366402105,0.949750036192207,0.840193704600484,0.128140703517588,0.109913793103448,0.122490361289205,TNF2
10000,398,1,1,0.7,0.0598,0.0551518183050713,0.0644481816949287,0.951360899851745,0.840193704600484,0.128140703517588,0.109913793103448,0.122672630393346,TNF2
10000,398,1,1,0.71,0.0605,0.0558264331389891,0.0651735668610109,0.952972432980167,0.840193704600484,0.128140703517588,0.109913793103448,0.122854899497488,TNF2
10000,398,1,1,0.72,0.0558,0.051300425176015,0.060299574823985,0.954584635994904,0.840193704600484,0.128140703517588,0.109913793103448,0.123037168601629,TNF2
10000,398,1,1,0.73,0.0521,0.0477436526167451,0.0564563473832549,0.956197509313733,0.840193704600484,0.128140703517588,0.109913793103448,0.12321943770577,TNF2
10000,398,1,1,0.74,0.0556,0.0511080204998171,0.0600919795001829,0.957811053354778,0.840193704600484,0.128140703517588,0.109913793103448,0.123401706809912,TNF2
10000,398,1,1,0.75,0.0586,0.053995756479164,0.063204243520836,0.959425268536511,0.840193704600484,0.128140703517588,0.109913793103448,0.123583975914053,TNF2
10000,398,1,1,0.76,0.0558,0.051300425176015,0.060299574823985,0.961040155277753,0.840193704600484,0.128140703517588,0.109913793103448,0.123766245018194,TNF2
10000,398,1,1,0.77,0.059,0.0543810506687623,0.0636189493312377,0.962655713997673,0.840193704600484,0.128140703517588,0.109913793103448,0.123948514122336,TNF2
10000,398,1,1,0.78,0.0555,0.0510118242660904,0.0599881757339096,0.964271945115788,0.840193704600484,0.128140703517588,0.109913793103448,0.124130783226477,TNF2
10000,398,1,1,0.79,0.0515,0.0471674392322817,0.0558325607677183,0.965888849051967,0.840193704600484,0.128140703517588,0.109913793103448,0.124313052330619,TNF2
10000,398,1,1,0.8,0.0566,0.0520702051656744,0.0611297948343256,0.967506426226426,0.840193704600484,0.128140703517588,0.109913793103448,0.12449532143476,TNF2
10000,398,1,1,0.81,0.0605,0.0558264331389891,0.0651735668610109,0.969124677059731,0.840193704600484,0.128140703517588,0.109913793103448,0.124677590538901,TNF2
10000,398,1,1,0.82,0.0528,0.0484161045668895,0.0571838954331105,0.970743601972801,0.840193704600484,0.128140703517588,0.109913793103448,0.124859859643043,TNF2
10000,398,1,1,0.83,0.0561,0.0515890625580812,0.0606109374419188,0.972363201386903,0.840193704600484,0.128140703517588,0.109913793103448,0.125042128747184,TNF2
10000,398,1,1,0.84,0.0522,0.0478397038811817,0.0565602961188183,0.973983475723655,0.840193704600484,0.128140703517588,0.109913793103448,0.125224397851326,TNF2
10000,398,1,1,0.85,0.0532,0.0488004594852841,0.0575995405147159,0.975604425405029,0.840193704600484,0.128140703517588,0.109913793103448,0.125406666955467,TNF2
10000,398,1,1,0.86,0.0529,0.048512186753084,0.057287813246916,0.977226050853348,0.840193704600484,0.128140703517588,0.109913793103448,0.125588936059608,TNF2
10000,398,1,1,0.87,0.0537,0.0492810005905122,0.0581189994094878,0.978848352491285,0.840193704600484,0.128140703517588,0.109913793103448,0.12577120516375,TNF2
10000,398,1,1,0.88,0.0511,0.0467833875994447,0.0554166124005553,0.980471330741868,0.840193704600484,0.128140703517588,0.109913793103448,0.125953474267891,TNF2
10000,398,1,1,0.89,0.0539,0.0494732470592546,0.0583267529407454,0.982094986028477,0.840193704600484,0.128140703517588,0.109913793103448,0.126135743372033,TNF2
10000,398,1,1,0.9,0.0539,0.0494732470592546,0.0583267529407454,0.983719318774846,0.840193704600484,0.128140703517588,0.109913793103448,0.126318012476174,TNF2
10000,398,1,1,0.91,0.0498,0.0455357312762483,0.0540642687237517,0.985344329405061,0.840193704600484,0.128140703517588,0.109913793103448,0.126500281580315,TNF2
10000,398,1,1,0.92,0.0522,0.0478397038811817,0.0565602961188183,0.986970018343563,0.840193704600484,0.128140703517588,0.109913793103448,0.126682550684457,TNF2
10000,398,1,1,0.93,0.05,0.0457276267674345,0.0542723732325655,0.988596386015149,0.840193704600484,0.128140703517588,0.109913793103448,0.126864819788598,TNF2
10000,398,1,1,0.94,0.0527,0.0483200267624635,0.0570799732375365,0.990223432844968,0.840193704600484,0.128140703517588,0.109913793103448,0.12704708889274,TNF2
10000,398,1,1,0.95,0.0565,0.0519739686606321,0.0610260313393679,0.991851159258526,0.840193704600484,0.128140703517588,0.109913793103448,0.127229357996881,TNF2
10000,398,1,1,0.96,0.0512,0.0468793936545568,0.0555206063454432,0.993479565681684,0.840193704600484,0.128140703517588,0.109913793103448,0.127411627101022,TNF2
10000,398,1,1,0.97,0.0552,0.0507232601069135,0.0596767398930865,0.995108652540659,0.840193704600484,0.128140703517588,0.109913793103448,0.127593896205164,TNF2
10000,398,1,1,0.98,0.0528,0.0484161045668895,0.0571838954331105,0.996738420262024,0.840193704600484,0.128140703517588,0.109913793103448,0.127776165309305,TNF2
10000,398,1,1,0.99,0.0493,0.0450560761050221,0.0535439238949779,0.998368869272709,0.840193704600484,0.128140703517588,0.109913793103448,0.127958434413447,TNF2
10000,398,1,1,1,0.0489,0.0446724388225687,0.0531275611774313,1,0.840193704600484,0.128140703517588,0.109913793103448,0.128140703517588,TNF2
